-- phpMyAdmin SQL Dump
-- version 5.1.1
-- https://www.phpmyadmin.net/
--
-- Host: 127.0.0.1
-- Generation Time: Oct 23, 2021 at 06:22 PM
-- Server version: 10.4.14-MariaDB
-- PHP Version: 7.4.22

SET SQL_MODE = "NO_AUTO_VALUE_ON_ZERO";
START TRANSACTION;
SET time_zone = "+00:00";


/*!40101 SET @OLD_CHARACTER_SET_CLIENT=@@CHARACTER_SET_CLIENT */;
/*!40101 SET @OLD_CHARACTER_SET_RESULTS=@@CHARACTER_SET_RESULTS */;
/*!40101 SET @OLD_COLLATION_CONNECTION=@@COLLATION_CONNECTION */;
/*!40101 SET NAMES utf8mb4 */;

--
-- Database: `invoice`
--

-- --------------------------------------------------------

--
-- Table structure for table `customers`
--

CREATE TABLE `customers` (
  `id` bigint(20) UNSIGNED NOT NULL,
  `customer_name` varchar(255) COLLATE utf8mb4_unicode_ci NOT NULL,
  `phone` varchar(255) COLLATE utf8mb4_unicode_ci DEFAULT NULL,
  `address` text COLLATE utf8mb4_unicode_ci NOT NULL,
  `created_at` timestamp NULL DEFAULT NULL,
  `updated_at` timestamp NULL DEFAULT NULL
) ENGINE=InnoDB DEFAULT CHARSET=utf8mb4 COLLATE=utf8mb4_unicode_ci;

--
-- Dumping data for table `customers`
--

INSERT INTO `customers` (`id`, `customer_name`, `phone`, `address`, `created_at`, `updated_at`) VALUES
(1, 'মেসার্স বি আলম ফার্মেসী', '০১৮১৬০০১৮৪৫', 'হাটহাজারী,বাস ষ্টেশন', '2021-05-25 23:49:01', '2021-05-25 23:59:36'),
(2, 'মেসার্স বি.এইচ. ফার্মেসী', '০১৮১৫৬৬৫৯৯৯', 'হাটহাজারী,বাস ষ্টেশন', '2021-05-25 23:49:01', '2021-05-25 23:59:36'),
(3, 'মেসার্স এ.কে.এস. ফার্মেসী', '০', 'হাটহাজারী,বাস ষ্টেশন', '2021-05-25 23:49:01', '2021-05-25 23:59:36'),
(4, 'মেসার্স হাটহাজারী মেডিকেল হল', '০১৮১৩২৭৭৩৫৫', 'হাটহাজারী,বাস ষ্টেশন', '2021-05-25 23:49:01', '2021-05-25 23:59:36'),
(5, 'মেসার্স পল্লী মঙ্গল ফার্মেসী', '০১৮২৯৬৯৮৯৯৮', 'হাটহাজারী,বাস ষ্টেশন', '2021-05-25 23:49:01', '2021-05-25 23:59:36'),
(6, 'মেসার্স মক্কা ফার্মেসী', '০১৮১৭২৪৮৪৭২', 'হাটহাজারী,বাস ষ্টেশন', '2021-05-25 23:49:01', '2021-05-25 23:59:36'),
(7, 'মেসার্স মনির ষ্টোর ফার্মেসী', '০১৭১৬৮৯০৩০১', 'হাটহাজারী,বাস ষ্টেশন', '2021-05-25 23:49:01', '2021-05-25 23:59:36'),
(8, 'মেসার্স মদিনা মনোয়ার ফার্মেসী', '০১৩০১০৩৮৭৮২', 'হাটহাজারী,বাস ষ্টেশন', '2021-05-25 23:49:01', '2021-05-25 23:59:36'),
(9, 'মেসার্স দরবার মেডিকেল হল', '০১৮২০০৩০২৭০', 'হাটহাজারী,বাস ষ্টেশন', '2021-05-25 23:49:01', '2021-05-25 23:59:36'),
(10, ' মেসার্স খাজা ফার্মেসী', '০১৬৪১৩৩০১৯২২', 'হাটহাজারী,বাস ষ্টেশন', '2021-05-25 23:49:01', '2021-05-25 23:59:36'),
(11, 'মেসার্স ফেরদৌস ফার্মেসী', '০১৮২৫৭২৬৯৫০', 'হাটহাজারী,বাস ষ্টেশন', '2021-05-25 23:49:01', '2021-05-25 23:59:36'),
(12, 'মেসার্স যুগমায়া ফার্মেসী', '০১৮১২৭৬৮৯৬৭', 'হাটহাজারী,বাস ষ্টেশন', '2021-05-25 23:49:01', '2021-05-25 23:59:36'),
(13, 'মেসার্স মাতিৃ ফার্মেসী', '০১৮১৮৫৮৭৫১৩০', 'হাটহাজারী,বাস ষ্টেশন', '2021-05-25 23:49:01', '2021-05-25 23:59:36'),
(14, 'মেসার্স শান্তি ফার্মেসী', '০১৮১৬৩৮০০১০০', 'হাটহাজারী,বাস ষ্টেশন', '2021-05-25 23:49:01', '2021-05-25 23:59:36'),
(15, 'মেসার্স বীনা ফার্মেসী', '০১৮১৯৬১৪১৩৬', 'হাটহাজারী,বাস ষ্টেশন', '2021-05-25 23:49:01', '2021-05-25 23:59:36'),
(16, 'মেসার্স শীল ফার্মেসী', '০১৮১৮৮৪৯৮১৬', 'হাটহাজারী,বাস ষ্টেশন', '2021-05-25 23:49:01', '2021-05-25 23:59:36'),
(18, 'মেসার্স আল নূর ফার্মেসী', '০', 'হাটহাজারী,বাস ষ্টেশন', '2021-05-25 23:49:01', '2021-05-25 23:59:36'),
(19, 'মেসার্স ফয়েজিয়া ফার্মেসী', '০১৮১৩৭৭৭০৭৪', '২নং নং গেইট, চ:বি:', '2021-05-25 23:49:01', '2021-05-25 23:59:36'),
(20, 'মেসার্স জন সেবা ফার্মেসী', '০১৮৩১৪০৮৬৭১', '২নং নং গেইট, চ:বি:', '2021-05-25 23:49:01', '2021-05-25 23:59:36'),
(21, 'মেসার্স নাদিয়া ফার্মেসী', '০১৮৭৬২২৬৯৩৮', 'চ:বি: এলাকা', '2021-05-25 23:49:01', '2021-05-25 23:59:36'),
(22, 'মেসার্স মনোয়ারা ফার্মেসী', '০১৭১৭৫৯১৪৩৮', 'চ:বি: এলাকা', '2021-05-25 23:49:01', '2021-05-25 23:59:36'),
(23, 'মেসার্স মা মেডিকো', '০১৮১৭০৫৮৯৪০', 'চ:বি: এলাকা', '2021-05-25 23:49:01', '2021-05-25 23:59:36'),
(24, 'মেসার্স গ্রাম মঙ্গল ফার্মেসী', '০১৮১৭০৮২৩০৩', 'চ:বি: এলাকা', '2021-05-25 23:49:01', '2021-05-25 23:59:36'),
(25, 'মেসার্স জুুমুনা ফার্মেসী', '০১৮৭৮২৮৪৪৯৭', 'চ:বি: এলাকা', '2021-05-25 23:49:01', '2021-05-25 23:59:36'),
(26, 'মেসার্স নেওয়াজ ফার্মেসী', '০১৮১৫৮০৫১০৮', 'চ:বি: এলাকা', '2021-05-25 23:49:01', '2021-05-25 23:59:36'),
(27, 'মেসার্স ওয়েলকাম ড্রাগ', '০১৮১৬৬৯১১০১', 'চ:বি: এলাকা', '2021-05-25 23:49:01', '2021-05-25 23:59:36'),
(28, 'মেসার্স বনরাজ ফার্মেসী', '০১৮১৮৬৭৪০৪১', 'চ:বি: এলাকা', '2021-05-25 23:49:01', '2021-05-25 23:59:36'),
(29, 'মেসার্স আর.এন. ফার্মেসী', '০১৮২৩৬২৭৬৩২', 'চ:বি: এলাকা', '2021-05-25 23:49:01', '2021-05-25 23:59:36'),
(30, 'মেসার্স উপশম ফার্মেসী', '০১৮১১৯৪১৩২৭', 'চ:বি: এলাকা', '2021-05-25 23:49:01', '2021-05-25 23:59:36'),
(31, 'মেসার্স ব্র্রাদ্র্রার্স মেডিসিন', '০১৮১৪৮১৫৫১৫', 'মদনহাট', '2021-05-25 23:49:01', '2021-05-25 23:59:36'),
(32, 'মেসার্স শাহ্ আমানত ফার্মেসী', '০১৮১৫৬১৬৮৬৭', 'মদনহাট', '2021-05-25 23:49:01', '2021-05-25 23:59:36'),
(33, 'মেসার্স খাজ ফার্মেসী ', '০১৮৩৯৬৯৭৩৬৯', 'মদনহাট', '2021-05-25 23:49:01', '2021-05-25 23:59:36'),
(34, 'মেসার্স মা ফার্মেসী', '০১৭৬৫৮৬৯৬২৩', 'মদনহাট', '2021-05-25 23:49:01', '2021-05-25 23:59:36'),
(35, 'মেসার্স লাভলী ফার্মেসী', '০১৮২০০৭৬৪৮২', 'মদনহাট', '2021-05-25 23:49:01', '2021-05-25 23:59:36'),
(36, 'মেসার্স বড় আউলিয়া ফার্মেসী', '০১৮১৫৮২০১৮৬', 'নন্দীর হাট', '2021-05-25 23:49:01', '2021-05-25 23:59:36'),
(37, 'মেসার্স ইফা ড্রাগ', '০১৯৩৬৮৫৪৩৯৭৭', 'নন্দীর হাট', '2021-05-25 23:49:01', '2021-05-25 23:59:36'),
(38, 'মেসার্স মেডিসিন সাপ্লাই', '০১৮৩৮১৫৯৬২৯', 'নন্দীর হাট', '2021-05-25 23:49:01', '2021-05-25 23:59:36'),
(39, 'মেসার্স তালুকদার ফার্মেসী', '০১৮১১৯৬৩৩৪৯', 'নন্দীর হাট', '2021-05-25 23:49:01', '2021-05-25 23:59:36'),
(40, 'মেসার্স মাদার্শা ফার্মেসী', '০১৮১৩৩৫৯০৭৫', 'ফতেয়াবাদ', '2021-05-25 23:49:01', '2021-05-25 23:59:36'),
(41, 'লাকী ফার্মেসী', '০১৮৩৬৬৬৯৫১৬', 'ফতেয়াবাদ', '2021-05-25 23:49:01', '2021-05-25 23:59:36'),
(42, 'মেসার্স রহমানিয়া ফার্মেসী', '০১৮১৯৬৪৮৬৭২', 'ফতেয়াবাদ', '2021-05-25 23:49:01', '2021-05-25 23:59:36'),
(43, 'মেসার্স এলাহী ফার্মেসী', '০১৮২৮৪৪২৪৫২', 'চৌধুরীহাট', '2021-05-25 23:49:01', '2021-05-25 23:59:36'),
(44, ' মেসার্স খাজা ফার্মেসী', '০১৮৬৩৭৬৪৬৯০', 'চৌধুরীহাট', '2021-05-25 23:49:01', '2021-05-25 23:59:36'),
(45, 'মেসার্স মোজ্জাম্মেল ফার্মেসী', '০১৮৭৫০৭৯১২৯', 'চৌধুরীহাট', '2021-05-25 23:49:01', '2021-05-25 23:59:36'),
(46, 'মেসার্স বিসমিল্লাহ্ ফার্মেসী', '1830203522', 'চৌধুরীহাট', '2021-05-25 23:49:01', '2021-05-25 23:59:36'),
(47, 'মেসার্স জননী ফার্মেসী', '০১৮১৯৩৩০৪৭৭', 'চৌধুরীহাট', '2021-05-25 23:49:01', '2021-05-25 23:59:36'),
(48, 'মেসার্স মেডিসিন স্কয়ার', '০১৮১২১৯০৫৭৩', 'চৌধুরীহাট', '2021-05-25 23:49:01', '2021-05-25 23:59:36'),
(49, 'মেসার্স বি.এন্ড বি. কেয়ার ফার্মেসী', '০১৮১৫৮৫৪০৮৫', 'চৌধুরীহাট', '2021-05-25 23:49:01', '2021-05-25 23:59:36'),
(50, 'মেসার্স মাতিৃ ফার্মেসী', '০১৬২৯৪৬০১৭০', 'চৌধুরীহাট', '2021-05-25 23:49:01', '2021-05-25 23:59:36'),
(51, 'মেসার্স তৃষি মেডিকো', '০১৮১৫৬৬৫৪৬৬', 'চৌধুরীহাট', '2021-05-25 23:49:01', '2021-05-25 23:59:36'),
(52, 'মেসার্স জনতা ফার্মেসী', '০', 'চৌধুরীহাট', '2021-05-25 23:49:01', '2021-05-25 23:59:36'),
(53, 'মেসার্স আরগ্য বিতান ফার্মেসী', '০', 'চৌধুরীহাট', '2021-05-25 23:49:01', '2021-05-25 23:59:36'),
(54, 'মেসার্স অভিবা ফার্মেসী', '০১৮৮৫২১৯৮৪৫', 'চৌধুরীহাট', '2021-05-25 23:49:01', '2021-05-25 23:59:36'),
(55, 'মেসার্স পাবলিক ফার্মেসী', '০১৮১৫১১৬৬৮৩', 'চৌধুরীহাট', '2021-05-25 23:49:01', '2021-05-25 23:59:36'),
(56, 'মেসার্স ইয়াছির ফার্মেসী', '০১৮৫৩৩৯১৯৬৬', 'চৌধুরীহাট', '2021-05-25 23:49:01', '2021-05-25 23:59:36'),
(57, 'মেসার্স পপুলার ফার্মেসী', '০১৮৫৭১৬১৭৩৪', 'চৌধুরীহাট', '2021-05-25 23:49:01', '2021-05-25 23:59:36'),
(58, 'মেসার্স সবুজ মেডিকেল হল', '০১৬৭৪৩৬৫৫১৫', 'বড়দিঘীর পাড়', '2021-05-25 23:49:01', '2021-05-25 23:59:36'),
(59, 'মেসার্স বিছমিল্লাহ ফার্মেসী', '০১৮৮১৮৬১৯৩৯', 'বড়দিঘীর পাড়', '2021-05-25 23:49:01', '2021-05-25 23:59:36'),
(60, 'মেসার্স আরকে ফার্মেসী', '০১৭৮৮৬৫৮৪৯১', 'বড়দিঘীর পাড়', '2021-05-25 23:49:01', '2021-05-25 23:59:36'),
(61, 'মেসার্স জে.এস. ফার্র্মেসী', '০১৯২৬২০৪৪৮১', 'বড়দিঘীর পাড়', '2021-05-25 23:49:01', '2021-05-25 23:59:36'),
(62, 'মেসার্স এম.আলম ফার্মেসী', '০১৯১১৮৯৬৩৬৪', 'বড়দিঘীর পাড়', '2021-05-25 23:49:01', '2021-05-25 23:59:36'),
(63, 'মেসার্স মেডিসিন পয়েন্ট', '০১৭৩৫৭০৭২২৭', 'বড়দিঘীর পাড়', '2021-05-25 23:49:01', '2021-05-25 23:59:36'),
(64, 'মেসার্স একুশে মেডিকো', '০১৭০১৮০৮১৩১', '০৩ নং বাজার', '2021-05-25 23:49:01', '2021-05-25 23:59:36'),
(65, 'মেসার্স কাজী ফার্মেসী', '০', 'লালিয়ারহাট', '2021-05-25 23:49:01', '2021-05-25 23:59:36'),
(66, 'মেসার্স কালাম শাহ্ ফার্মেসী', '০১৭১৩৬০৮১৯৯', 'লালিয়ারহাট', '2021-05-25 23:49:01', '2021-05-25 23:59:36'),
(67, 'মেসার্স আজিজ ফার্মেসী', '০১৮১৯৩৩৬৪১৪', 'আমান বাজার', '2021-05-25 23:49:01', '2021-05-25 23:59:36'),
(68, 'মেসার্স হোসেন মেডিকো', '০১৮১৭৭০৩৯২০', 'আমান বাজার', '2021-05-25 23:49:01', '2021-05-25 23:59:36'),
(69, 'মেসার্স আলম ফার্মেসী', '০১৮৬১৮৬১২০০', 'আমান বাজার', '2021-05-25 23:49:01', '2021-05-25 23:59:36'),
(70, 'মেসার্স এম.্রহমান ফার্মেসী', '০১৮১৮৫৭১৩৩৭', 'আমান বাজার', '2021-05-25 23:49:01', '2021-05-25 23:59:36'),
(71, 'মেসার্স মেডিসিন সেন্টার ', '০১৮১৯৬১৭৫৮৪', 'আমান বাজার', '2021-05-25 23:49:01', '2021-05-25 23:59:36'),
(72, 'মেসার্স নূর জাহান ফার্মেসী', '০১৮৬৩৯২৩৭৮০', 'আমান বাজার', '2021-05-25 23:49:01', '2021-05-25 23:59:36'),
(73, 'মেসার্স চৌধুরী ফার্মেসী', '০১৮৩৮৬৭৩২৬২', 'আমান বাজার', '2021-05-25 23:49:01', '2021-05-25 23:59:36'),
(74, 'মেসার্স এ.এস.এম. মেডিকেল হল', '০১৭১৬০৬২৬৪৬', 'নতুন পাড়া', '2021-05-25 23:49:01', '2021-05-25 23:59:36'),
(75, 'মেসার্স ইউনিভার্সেল ফার্মেসী', '০১৮১৮৩৮৩৭৭৯', 'নতুন পাড়া', '2021-05-25 23:49:01', '2021-05-25 23:59:36'),
(76, 'মেসার্স শাহ্ জালাল ফার্মেসী', '০১৮১৪৩৮৬০১৪', 'নতুন পাড়া', '2021-05-25 23:49:01', '2021-05-25 23:59:36'),
(77, 'মেসার্স মহাজন ফার্মেসী', '০১৮১৩২১০৯৯৩', 'নতুন পাড়া', '2021-05-25 23:49:01', '2021-05-25 23:59:36'),
(78, 'মেসার্স গ্রামীণ ফার্মেসী', '০১৮১৭৭৪৮৬৮৪', 'মাদার্শা', '2021-05-25 23:49:01', '2021-05-25 23:59:36'),
(79, 'মেসার্স কামাল ফার্মেসী', '০১৮১৩২২০৭৫৫', 'বি.আলম হাট', '2021-05-25 23:49:01', '2021-05-25 23:59:36'),
(80, 'মেসার্স রকি ফার্মেসী', '০১৮১৯৩৯৮৫০৬', 'লোহার পুল', '2021-05-25 23:49:01', '2021-05-25 23:59:36'),
(81, 'মেসার্স মুরাদ ফার্মেসী', '1813697785', 'লোহার পুল', '2021-05-25 23:49:01', '2021-05-25 23:59:36'),
(82, 'মেসার্স সেবা মেডিকেল হল', '০১৮১৭৭৩০১২২', 'মৌলভী বাজার', '2021-05-25 23:49:01', '2021-05-25 23:59:36'),
(83, 'মেসার্স বি.আলম ফার্মেসী', '০১৮১৫৬১৭১৯৮', 'ইছাপুর বাজার', '2021-05-25 23:49:01', '2021-05-25 23:59:36'),
(84, 'মেসার্স হোসেন মেডিকো', '০১৮৯৬৪৯৯৪০', 'ইছাপুর বাজার', '2021-05-25 23:49:01', '2021-05-25 23:59:36'),
(85, 'মেসার্স ফয়েজিয়া ফার্মেসী', '০১৮১৮৭৩৬১৭৯', 'ইছাপুর বাজার', '2021-05-25 23:49:01', '2021-05-25 23:59:36'),
(86, 'মেসার্স মোহাম্মদিয়া ফার্মেসী', '০১৮১৭৭১১৭০৩', '্ইছাপুর বাজার', '2021-05-25 23:49:01', '2021-05-25 23:59:36'),
(87, 'মেসার্স রহমানিয়া ড্র্রাগ ', '০১৮১৫৬০৬৬৪০', 'ইছাপুর বাজার', '2021-05-25 23:49:01', '2021-05-25 23:59:36'),
(88, 'মেসার্স আবেদীন ফার্মেসী', '০', 'ইছাপুর বাজার', '2021-05-25 23:49:01', '2021-05-25 23:59:36'),
(89, 'মেসার্স আলম ফার্মেসী', '০১৮১৮৮৩৯৯৫৩', 'বটতলী', '2021-05-25 23:49:01', '2021-05-25 23:59:36'),
(90, 'মেসার্স মোহছেন আউলিয়া ফার্মেসী', '০১৮৩৪৯৮৯১৬৯', 'বটতলী', '2021-05-25 23:49:01', '2021-05-25 23:59:36'),
(91, 'মেসার্স বিশ^াস ফার্মেসী', '০১৮১৫৮১৫৮৭৮', 'নন্দীরহাট', '2021-05-25 23:49:01', '2021-05-25 23:59:36'),
(92, 'মেসার্স সানি মেডেকেল হল ', '০১৮৪০২৪০৬৩৫', 'আমান বাজার', '2021-05-25 23:49:01', '2021-05-25 23:59:36'),
(93, 'মেসার্স কৃষাণ ড্রাগ', '০১৮১৭২৬৯৪১২', 'নন্দীরহাট', '2021-05-25 23:49:01', '2021-05-25 23:59:36'),
(94, 'মেসার্স আক্তার ফার্মেসী', '০১৮১৯৩৬৭৩৯০', 'বটতলী রোড', '2021-05-25 23:49:01', '2021-05-25 23:59:36'),
(95, 'মেসার্স আদর্শ ফার্মেসী', '০১৮৮৮৭২২১৫৯', 'ফতেয়াবাদ', '2021-05-25 23:49:01', '2021-05-25 23:59:36'),
(96, 'মেসার্স চৌধুরীহাট ফার্মেসী', '০১৮৫৯৯৭৭৯২৯', 'চৌধুরীহাট', '2021-05-25 23:49:01', '2021-05-25 23:59:36'),
(97, 'মেসার্স মদিনা ড্র্রাগ হাউস', '০১৮১৫৬১৭১৮১', 'ইসলামিয়াহাট', '2021-05-25 23:49:01', '2021-05-25 23:59:36'),
(98, 'মেসার্স হাটহাজারী মেডিকেল হল', '০১৮৩৩৩০৯৭৪৬', 'হাটহাজারী বাজার', '2021-05-25 23:49:01', '2021-05-25 23:59:36'),
(99, 'মেসার্স পরী মেডিকেল হল ', '০১৮৬৭৯৪৫৬৪৯', 'হাটহাজারী বাজার', '2021-05-25 23:49:01', '2021-05-25 23:59:36'),
(100, 'মেসার্স সোলাইমান ফার্মেসী', '০১৮১৪৩০৯৮৮৭', 'হাটহাজারী বাজার', '2021-05-25 23:49:01', '2021-05-25 23:59:36'),
(101, 'মেসার্স মেডেসিন সেন্টার', '০১৮১৫৮৬০৫২৪', 'হাটহাজারী বাজার', '2021-05-25 23:49:01', '2021-05-25 23:59:36'),
(102, 'মেসার্স খান ফার্মেসী', '০', 'হাটহাজারী বাজার', '2021-05-25 23:49:01', '2021-05-25 23:59:36'),
(103, 'মেসার্স শুভ মেডেকেল হল', '০১৮১৯৩৩৮৮৪২', 'হাটহাজারী বাজার', '2021-05-25 23:49:01', '2021-05-25 23:59:36'),
(104, 'মেসার্স জননী ফার্মেসী', '০১৮১৯৮৬৩২৬০', 'হাটহাজারী বাজার', '2021-05-25 23:49:01', '2021-05-25 23:59:36'),
(105, 'মেসার্স আর রহমান ফার্মেসী', '০১৮১৬৩৫৫৯', 'হাটহাজারী বাজার', '2021-05-25 23:49:01', '2021-05-25 23:59:36'),
(106, 'মেসার্স মায়া ফার্মেসী', '০১৮৩৭৬৮৪২৫৫', 'হাটহাজারী বাজার', '2021-05-25 23:49:01', '2021-05-25 23:59:36'),
(107, 'মেসার্স মায়া ফার্মেসী', '০', 'কলেজ গেইট', '2021-05-25 23:49:01', '2021-05-25 23:59:36'),
(108, 'মেসার্স এম.কে. মেডিকেল সেন্টার', '০', 'হাটহাজারী বাজার', '2021-05-25 23:49:01', '2021-05-25 23:59:36'),
(109, 'মেসার্স সালাম ফার্মেসী', '০', 'রাঙ্গামাটি রোড', '2021-05-25 23:49:01', '2021-05-25 23:59:36'),
(110, 'মেসার্স জুনায়েদ ফার্মেসী', '০১৮১৪৩০৯৮৬২', 'হাটহাজারী বাজার', '2021-05-25 23:49:01', '2021-05-25 23:59:36'),
(111, 'মেসার্স মদিনা ফার্মেসী', '০১৮১৫৬০৬৮৯৭', 'হাটহাজারী বাজার', '2021-05-25 23:49:01', '2021-05-25 23:59:36'),
(112, 'মেসার্স আশা ফার্মেসী', '০১৮১৫৬৯৭৮৫৭', 'হাটহাজারী বাজার', '2021-05-25 23:49:01', '2021-05-25 23:59:36'),
(113, 'মেসার্স নিউ মেডেসিন হাউস', '০১৮৩৪৬১৭৬৭৪', 'হাটহাজারী বাজার', '2021-05-25 23:49:01', '2021-05-25 23:59:36'),
(114, 'মেসার্স তালুকদার ফার্মেসী', '০', 'মেডিকেল গেইট', '2021-05-25 23:49:01', '2021-05-25 23:59:36'),
(115, 'মেসার্স চৈতী ফার্মেসী', '০১৮১৮৫৯২৮৫৬', 'মেডিকেল গেইট', '2021-05-25 23:49:01', '2021-05-25 23:59:36'),
(116, 'মেসার্স এহসান মেডিসিন হাউস', '18665782494', 'মেডিকেল গেইট', '2021-05-25 23:49:01', '2021-05-25 23:59:36'),
(117, 'মেসার্স নিউ এহসান ফার্মেসী', '০১৮৫৫৫৩৯২৯৪', 'মেডিকেল গেইট', '2021-05-25 23:49:01', '2021-05-25 23:59:36'),
(118, 'মেসার্স টিটু ফার্মেসী', '০', 'মেডিকেল গেইট', '2021-05-25 23:49:01', '2021-05-25 23:59:36'),
(119, 'মেসার্স গীতা ফামের্সী', '০', 'মেডিকেল গেইট', '2021-05-25 23:49:01', '2021-05-25 23:59:36'),
(120, 'মেসার্স বিছমিল্লাহ ফার্মেসী', '০১৮৩৮৪২৮৩৮৮', 'মাঠিয়া মসজিদ', '2021-05-25 23:49:01', '2021-05-25 23:59:36'),
(121, 'মেসার্স দয়াময় ফার্মেসী', '০১৮১৭০৮২৩৫০', 'মিরেরহাট', '2021-05-25 23:49:01', '2021-05-25 23:59:36'),
(122, 'মেসার্স আনন্দ ফার্মেসী', '০', 'মিরেরহাট', '2021-05-25 23:49:01', '2021-05-25 23:59:36'),
(123, 'মেসার্স পাবলিক মেডিকেল হল', '০', 'মিরেরহাট', '2021-05-25 23:49:01', '2021-05-25 23:59:36'),
(124, 'মেসার্স তারেক মেডিকেল হল', '০', 'মিরেরহাট', '2021-05-25 23:49:01', '2021-05-25 23:59:36'),
(125, 'মেসার্স এস.পি. ফার্মেসী', '০১৮১৬০৯৯৩৪৮', 'চারিয়া বাজার', '2021-05-25 23:49:01', '2021-05-25 23:59:36'),
(126, 'মেসার্স আরগ্য বিতান ফার্মেসী', '০১৮১৯৫৩৫৪৮৯', 'বুড়ি পুকর পাড়', '2021-05-25 23:49:01', '2021-05-25 23:59:36'),
(127, 'মেসার্স টিটু ফার্মেসী', '০১৮১৮৮৯০৪৯৩', 'মুছার দোকান', '2021-05-25 23:49:01', '2021-05-25 23:59:36'),
(128, 'মেসার্স পপুলার ফার্মেসী', '০১৮১২৯০১৭৯৯', 'মুছার দোকান', '2021-05-25 23:49:01', '2021-05-25 23:59:36'),
(129, 'মেসার্স সেবা নিকেতন ফার্মেসী', '০১৮১৫৬৭৩২৪০', 'সরকারহাট', '2021-05-25 23:49:01', '2021-05-25 23:59:36'),
(130, 'মেসার্স বৈশাখী ফার্মেসী', '০১৮৫৫৯৪৬৩১১', 'সরকারহাট', '2021-05-25 23:49:01', '2021-05-25 23:59:36'),
(131, 'মেসার্স রহমানিয়া ফার্মেসী', '০১৮১৬৮৮০৫০০', 'সরকারহাট', '2021-05-25 23:49:01', '2021-05-25 23:59:36'),
(132, 'মেসার্স সেবা মেডিকো', '০১৮১৫৬৬৫৭৬৩', 'সরকারহাট', '2021-05-25 23:49:01', '2021-05-25 23:59:36'),
(133, 'মেসার্স মরিয়ম ফার্মেসী', '০১৮১৯৩৬২০৬২', 'সরকারহাট', '2021-05-25 23:49:01', '2021-05-25 23:59:36'),
(134, 'মেসার্স জনতা ফার্মেসী', '০', 'সরকারহাট', '2021-05-25 23:49:01', '2021-05-25 23:59:36'),
(135, 'মেসার্স দিপুর মেডিকেল হল', '০১৮২৩৯১৯০৪০', 'সরকারহাট', '2021-05-25 23:49:01', '2021-05-25 23:59:36'),
(136, 'মেসার্স এস.এম. ড্র্র্রাগ হাউস', '০১৮১৩৯৭৫৭৮৮', 'সরকারহাট', '2021-05-25 23:49:01', '2021-05-25 23:59:36'),
(137, 'মেসার্স মা ফার্মেসী', '০১৮২১৮৯১৩৮৬', 'সরকারহাট', '2021-05-25 23:49:01', '2021-05-25 23:59:36'),
(138, 'মেসার্স বড় আউলিয়া ফার্মেসী', '০১৮২৭০৭০৪১৬', 'সরকারহাট', '2021-05-25 23:49:01', '2021-05-25 23:59:36'),
(139, 'মেসার্স খাজা ফার্মেসী', '০১৮১৬১২৯৭৯৪', 'পেশকারহাট', '2021-05-25 23:49:01', '2021-05-25 23:59:36'),
(140, 'মেসার্স এস.পি. ফার্মেসী', '০', 'মিরেরহাট', '2021-05-25 23:49:01', '2021-05-25 23:59:36'),
(141, 'মেসার্স চৈতি ফার্মেসী', '০১৮১৮৮৯০৪৯৩', 'মুছার দোকান', '2021-05-25 23:49:01', '2021-05-25 23:59:36'),
(142, 'মেসার্স বিউটি ফার্মেসী', '০১৮১৫৬৭৩২৪০', 'সরকারহাট', '2021-05-25 23:49:01', '2021-05-25 23:59:36'),
(143, 'মেসার্স অর্জন ফার্মেসী', '০১৮১৭৭২১৪৩৯', 'পেশকারহাট', '2021-05-25 23:49:01', '2021-05-25 23:59:36'),
(144, 'মেসার্স মিলন ফার্মেসী', '০১৮২১৭৮৩৩৭১', 'পেশকারহাট', '2021-05-25 23:49:01', '2021-05-25 23:59:36'),
(145, 'মেসার্স সেবালয় ফার্মেসী', '০১৮১৮৪১৬৫৪৭', 'পেশকারহাট', '2021-05-25 23:49:01', '2021-05-25 23:59:36'),
(146, 'মেসার্স এহসান মেডিকেল হল', '০১৮১৩৯০১১৫৭', 'মনিয়াপুকুর পাড়', '2021-05-25 23:49:01', '2021-05-25 23:59:36'),
(147, 'মেসার্স চৌধুরী ফার্মেসী', '০১৮২০১৮১৫৮৭', 'মনিয়াপুকুর পাড়', '2021-05-25 23:49:01', '2021-05-25 23:59:36'),
(148, 'মেসার্স দরবার মেডিকেল হল', '০১৮১৭২৭২৪৮৫', 'মনিয়াপুকুর পাড়', '2021-05-25 23:49:01', '2021-05-25 23:59:36'),
(149, 'মেসার্স জনসেবা ফার্মেসী', '০১৮১১৩৩৭০৬৭', 'মনিয়াপুকুর পাড়', '2021-05-25 23:49:01', '2021-05-25 23:59:36'),
(150, 'মেসার্স রহমানিয়া ফার্মেসী', '০১৮২০১৬৫১৫৩', 'মনিয়াপুকুর পাড়', '2021-05-25 23:49:01', '2021-05-25 23:59:36'),
(151, 'মেসার্স রাহুল মেডিকেল হল', '০১৮১৫৬৩২৭১৪', 'কাটিরহাট', '2021-05-25 23:49:01', '2021-05-25 23:59:36'),
(152, 'মেসার্স জিয়া ফার্মেসী', '০১৮৮২৩৬০৩৮৮', 'কাটিরহাট', '2021-05-25 23:49:01', '2021-05-25 23:59:36'),
(153, 'মেসার্স জিয়া ফার্মেসী', '০১৮১৫৫০৪২২৭', 'কাটিরহাট', '2021-05-25 23:49:01', '2021-05-25 23:59:36'),
(154, 'মেসার্স শাহাজাহান শাহ্ ফার্মেসী', '০১৮১৭৭৩৩০৪০', 'কাটিরহাট', '2021-05-25 23:49:01', '2021-05-25 23:59:36'),
(155, 'মেসার্স মেডিসিন পয়েন্ট', '০১৮৭৫৩৭৪৩৮০', 'কাটিরহাট', '2021-05-25 23:49:01', '2021-05-25 23:59:36'),
(156, 'মেসার্স বিসমিল্লাহ্ ফার্মেসী', '০১৬৪০৮৫৯৫৯০', 'কাটিরহাট', '2021-05-25 23:49:01', '2021-05-25 23:59:36'),
(157, 'মেসার্স মদিনা ফার্মেসী', '০১৮৫৬৬০৬৯৬৭', 'কাটিরহাট', '2021-05-25 23:49:01', '2021-05-25 23:59:36'),
(158, 'মেসার্স শাহ্ আমানত ফার্মেসী', '০১৮৩৪২৪৮৮৪৪', 'কাটিরহাট', '2021-05-25 23:49:01', '2021-05-25 23:59:36'),
(159, 'মেসার্স খাজা গরিবে নেওয়াজ ফার্মেসী', '০', 'কাটিরহাট', '2021-05-25 23:49:01', '2021-05-25 23:59:36'),
(160, 'মেসার্স নাজিরহাট ফার্মেসী', '০১৯১৩৬৩১৫০২', 'কাটিরহাট', '2021-05-25 23:49:01', '2021-05-25 23:59:36'),
(161, 'মেসার্স ইসলাম মেডিসিন সেন্টার', '০১৮১৭২৪৮৭০৭', 'নুুর আলী মিয়ারহাট', '2021-05-25 23:49:01', '2021-05-25 23:59:36'),
(162, 'মেসার্স নাহার ফার্মেসী', '০১৮৫৩০৫১৭২২', 'নুর আলী মিয়ারহাট', '2021-05-25 23:49:01', '2021-05-25 23:59:36'),
(163, 'মেসার্স আল-মদিনা ফার্মেসী', '০১৮১১৯৫৯১৯৫', 'মুছাবিয়া বাজার', '2021-05-25 23:49:01', '2021-05-25 23:59:36'),
(164, 'মেসার্স আল-আমিন ফার্মেসী', '০১৮১৭২৪৬৯৫০', 'জব্বারহাট', '2021-05-25 23:49:01', '2021-05-25 23:59:36'),
(165, 'মেসার্স জাবেদ ফার্মেসী', '০১৮১৭৭৪৬০০০', 'সমিতিরহাট', '2021-05-25 23:49:01', '2021-05-25 23:59:36'),
(166, 'মেসার্স চৌধুরী ফার্মেসী', '০১৮১৫৫৬৮৭৯৯', 'সমিতিরহাট', '2021-05-25 23:49:01', '2021-05-25 23:59:36'),
(167, 'মেসার্স মোহাম্মদিয়া ফার্মেসী', '০১৮১৮৮৯৯৩০৬', 'সমিতিরহাট', '2021-05-25 23:49:01', '2021-05-25 23:59:36'),
(168, 'মেসার্স হাসান ফার্মেসী', '০১৮২৩৫১০৪৯৭', 'আনন্দ বাজার', '2021-05-25 23:49:01', '2021-05-25 23:59:36'),
(169, 'মেসার্স পল্লী সেবা ফার্মেসী', '০১৬৩৩৬১১৯৪১', 'আনন্দ বাজার', '2021-05-25 23:49:01', '2021-05-25 23:59:36'),
(170, 'মেসার্স আল মক্কা ফার্মেসী', '০১৮১৫৮৫৩৬৯৯', 'আনন্দ বাজার', '2021-05-25 23:49:01', '2021-05-25 23:59:36'),
(171, 'মেসার্স রোকেয়া ফার্মেসী', '০', 'সমিতিরহাট', '2021-05-25 23:49:01', '2021-05-25 23:59:36'),
(172, 'মেসার্স কমলা ঔষুধালয়', '০১৮১৫৪৪৮২৫৬', 'হাটহাজারী বাজার', '2021-05-25 23:49:01', '2021-05-25 23:59:36'),
(173, 'মেসার্স ফয়েজিয়া হোমিও ফার্মেসী', '০১৮১৮৬২৪৭১৭', 'হাটহাজারী বাজার', '2021-05-25 23:49:01', '2021-05-25 23:59:36'),
(174, 'মেসার্স মদিনা মেডিসিন হাউস', '০', 'আলীপুর,হাটহাজারী', '2021-05-25 23:49:01', '2021-05-25 23:59:36'),
(175, 'মেসার্স হাবিব ফার্মেসী', '০১৮১৯০৩৫৬৪৫', 'হাটহাজারী', '2021-05-25 23:49:01', '2021-05-25 23:59:36'),
(176, 'মেসার্স জাহিদ ফার্মেসী', '০১৮৬৯৯২৫৩১৪', 'হাটহাজারী বাজার', '2021-05-25 23:49:01', '2021-05-25 23:59:36'),
(177, 'মেসার্স গাউছিয়া ফার্মেসী', '০১৮২৭৮৩৫২৩৭', 'জলিল নগর,রাউজান', '2021-05-25 23:49:01', '2021-05-25 23:59:36'),
(178, 'মেসার্স কানন ড্রাগ', '০১৮১৯৯৫০৯৭০', 'জলিল নগর,রাউজান', '2021-05-25 23:49:01', '2021-05-25 23:59:36'),
(179, 'মেসার্স সাধনা ড্রাগ', '০১৮৮৩১৬০০৭৬', 'জলিল নগর,রাউজান', '2021-05-25 23:49:01', '2021-05-25 23:59:36'),
(180, 'মেসার্স আমানত মেডিকেল হল', '০১৮৩০০৩০৩৮৫', 'জলিল নগর,রাউজান', '2021-05-25 23:49:01', '2021-05-25 23:59:36'),
(181, 'মেসার্স রাউজান ফার্মেসী', '০১৯৪৭১৩৯৬৬২', 'জলিল নগর,রাউজান', '2021-05-25 23:49:01', '2021-05-25 23:59:36'),
(182, 'মেসার্স আলো মেডিকেল', '০১৮২২৮৫৪০২৯', 'জলিল নগর,রাউজান', '2021-05-25 23:49:01', '2021-05-25 23:59:36'),
(183, 'মেসার্স মেডিসিন কর্ণার', '০১৮২৭৮৩৫২৩৭', 'জলিল নগর,রাউজান', '2021-05-25 23:49:01', '2021-05-25 23:59:36'),
(184, 'মেসার্স জম জম ফার্মেসী', '০৩০২৬৫৬১৪৩', 'জলিল নগর,রাউজান', '2021-05-25 23:49:01', '2021-05-25 23:59:36'),
(185, 'মেসার্স শাহ্ লতিফ ফার্মেসী', '০১৬৩৩৪০৮১২৪', 'মুন্সিঘাটা রাউজান', '2021-05-25 23:49:01', '2021-05-25 23:59:36'),
(186, 'মেসার্স সোনালী ফার্মেসী', '০', 'মুন্সিঘাটা রাউজান', '2021-05-25 23:49:01', '2021-05-25 23:59:36'),
(187, 'মেসার্স রূপালী ফার্মেসী', '০১৮৩৪৩৩৪১৫৫', 'মুন্সিঘাটা রাউজান', '2021-05-25 23:49:01', '2021-05-25 23:59:36'),
(188, 'মেসার্স জ্যোতি ফার্মেসী', '০১৭১৫৫৩০০৩০', 'মুন্সিঘাটা রাউজান', '2021-05-25 23:49:01', '2021-05-25 23:59:36'),
(189, 'মেসার্স প্র্রদীপ ড্রাগ', '০১৯১১৩৮৫৪৪৭', 'মুন্সিঘাটা রাউজান', '2021-05-25 23:49:01', '2021-05-25 23:59:36'),
(190, 'মেসার্স জনসেবা ফার্মেসী', '০১৮১৬০৮৪৯৭৫', 'মুন্সিঘাটা রাউজান', '2021-05-25 23:49:01', '2021-05-25 23:59:36'),
(191, 'মেসার্স কৈবল্য ফার্মেসী', '০১৮১৩১২৮৭১৮', 'মুন্সিঘাটা রাউজান', '2021-05-25 23:49:01', '2021-05-25 23:59:36'),
(192, 'মেসার্স আনোয়ার ফার্মেসী', '০১৮১৯৩৫২০২৬', 'মুন্সিঘাটা রাউজান', '2021-05-25 23:49:01', '2021-05-25 23:59:36'),
(193, 'মেসার্স চারুকলা ফার্মেসী', '০১৭৪৪৫১৯২৮৯', 'মুন্সিঘাটা রাউজান', '2021-05-25 23:49:01', '2021-05-25 23:59:36'),
(194, 'মেসার্স চৈতন্য ফার্মেসী', '০১৬১২৬২৩৪৩৬', 'মুন্সিঘাটা রাউজান', '2021-05-25 23:49:01', '2021-05-25 23:59:36'),
(195, 'মেসার্স মদিনা ফার্মেসী', '০১৯৯৩৬৬৮৬১১', 'মুন্সিঘাটা রাউজান', '2021-05-25 23:49:01', '2021-05-25 23:59:36'),
(196, 'মেসার্স মনি মেডিকো', '০১৮১৭০৯৮৮৩৫', 'মুন্সিঘাটা রাউজান', '2021-05-25 23:49:01', '2021-05-25 23:59:36'),
(197, 'মেসার্স একুুশে মেডিকো হল', '০১৮১৯৬২২৮৭০', 'মুন্সিঘাটা রাউজান', '2021-05-25 23:49:01', '2021-05-25 23:59:36'),
(198, 'মেসার্স আল মক্কা মেডিকেল হল', '০১৮২১২৮৭৪৬৩', 'ফকিরহাট রাউজান', '2021-05-25 23:49:01', '2021-05-25 23:59:36'),
(199, 'মেসার্স ডিডিবিএম ফার্মেসী', '০১৫৮৩০৫৭০৯', 'ফকিরহাট রাউজান', '2021-05-25 23:49:01', '2021-05-25 23:59:36'),
(200, 'মেসার্স পল্লী মঙ্গল ফার্মেসী', '০১৮২১০৬২৬৮২', 'ফকিরহাট রাউজান', '2021-05-25 23:49:01', '2021-05-25 23:59:36'),
(201, 'মেসার্স ইয়াছিন শাহ্ ড্রাগ', '০১৮২৪৮২৭০৬২', 'ফকিরহাট রাউজান', '2021-05-25 23:49:01', '2021-05-25 23:59:36'),
(202, 'মেসার্স অগনী ফার্মেসী', '০১৮১১৭৪১০১৮', 'ফকিরহাট রাউজান', '2021-05-25 23:49:01', '2021-05-25 23:59:36'),
(203, 'মেসার্স আরতী ফার্মেসী', '০১৮১৮১৪১২১০', 'ফকিরহাট রাউজান', '2021-05-25 23:49:01', '2021-05-25 23:59:36'),
(204, 'মেসার্স রিয়েল মেডিসিন হল', '০', 'ফকিরহাট রাউজান', '2021-05-25 23:49:01', '2021-05-25 23:59:36'),
(205, 'মেসার্স জয় মেডিকেল হল', '০', 'ফকিরহাট রাউজান', '2021-05-25 23:49:01', '2021-05-25 23:59:36'),
(206, 'মেসার্স ড্রাগ এ্যাম্পিরিয়াম', '০১৯২৫৬১৯৫৯৩', 'ফকিরহাট রাউজান', '2021-05-25 23:49:01', '2021-05-25 23:59:36'),
(207, 'মেসার্স মদিনা ফার্মেসী', '০', 'ফকিরহাট রাউজান', '2021-05-25 23:49:01', '2021-05-25 23:59:36'),
(208, 'মেসার্স জিয়া বাবা ফার্মেসী ', '০১৮৪০৫৩০১০৯', 'ফকিরহাট রাউজান', '2021-05-25 23:49:01', '2021-05-25 23:59:36'),
(209, 'মেসার্স ড্রাগ পয়েন্ট', '০১৮৪৩১৯২২৮৫', 'ফকিরহাট রাউজান', '2021-05-25 23:49:01', '2021-05-25 23:59:36'),
(210, 'মেসার্স হেলথ ', '০১৮১৯৩৩৫৬৩৫৫', 'ফকিরহাট রাউজান', '2021-05-25 23:49:01', '2021-05-25 23:59:36'),
(211, 'মেসার্স হক ড্র্রাগ-১', '০১৭১৪৩৬৭৫৭২', 'গহিরা,রাউজান', '2021-05-25 23:49:01', '2021-05-25 23:59:36'),
(212, 'মেসার্স হক ড্রাগ-২ ', '০১৮১৭৭০৯৯৯৬', 'গহিরা,রাউজান', '2021-05-25 23:49:01', '2021-05-25 23:59:36'),
(213, 'মেসাার্স পাবলিক মেডেকেল-১', '০১৮১৭৭২৬৮২৩', 'গহিরা,রাউজান', '2021-05-25 23:49:01', '2021-05-25 23:59:36'),
(214, 'মেসার্স পাবলিক মেডেকেল-২', '০১৮৪৯৩৭০০২৭', 'গহিরা,রাউজান', '2021-05-25 23:49:01', '2021-05-25 23:59:36'),
(215, 'মেসার্স নিউ পাবলিক মেডিকেল', '০১৮১৭৭২৩৬৪২', 'গহিরা,রাউজান', '2021-05-25 23:49:01', '2021-05-25 23:59:36'),
(216, 'মেসার্স শাহ্ ফার্মেসী', '০১৮৫৮৭১৩৯১৫', 'গহিরা,রাউজান', '2021-05-25 23:49:01', '2021-05-25 23:59:36'),
(217, 'মেসার্স মদিনা ফার্মেসী', '০১৮৭৯৯৭৫৬০৬', 'গহিরা,রাউজান', '2021-05-25 23:49:01', '2021-05-25 23:59:36'),
(218, 'মেসার্স দেশপ্রিয় ফার্মেসী', '০১৮১১২০২৮৫৪', 'গহিরা,রাউজান', '2021-05-25 23:49:01', '2021-05-25 23:59:36'),
(219, 'মোসার্স বাঁধান মেডিকো', '০১৮১৮৩৯৮০১৬', 'গহিরা,রাউজান', '2021-05-25 23:49:01', '2021-05-25 23:59:36'),
(220, 'মোসার্স মক্কা মেডিকেল হল', '০১৮১৮-৭৫৬৭৪৯', 'গহিরা,রাউজান', '2021-05-25 23:49:01', '2021-05-25 23:59:36'),
(221, 'মোসার্স সোনালী ফার্মেসী', '18171148465', 'নতুনহাট,রাউজান', '2021-05-25 23:49:01', '2021-05-25 23:59:36'),
(222, 'মোসার্স শাহা জালাল মেডিকেল', '০১৮১৫৫০৮৮৩০', 'নতুনহাট,রাউজান', '2021-05-25 23:49:01', '2021-05-25 23:59:36'),
(223, 'মোসার্স জাহেদ ফার্মেসী', '০১৮১৮৮৮৭৭১৮', 'বাঁঁশডোয়াতল,রাউজান', '2021-05-25 23:49:01', '2021-05-25 23:59:36'),
(224, 'মোসার্স মেডিসিন হল', '০১৮৭৪৮১৮২৮৬', 'আমিরহাট,রাউজান', '2021-05-25 23:49:01', '2021-05-25 23:59:36'),
(225, 'মোসার্স মল্লিক ড্র্রাগ', '০১৮২৫১৪৫১০০', 'আমিরহাট,রাউজান', '2021-05-25 23:49:01', '2021-05-25 23:59:36'),
(226, 'মোসার্স জনসেবা ফার্মেসী', '০১৮১৪৭০৩৯৪০', 'আমিরহাট,রাউজান', '2021-05-25 23:49:01', '2021-05-25 23:59:36'),
(227, 'মোসার্স মোহাম্মাদিয়া ফার্মেসী', '০১৮২২৮৬৭৩৩৩', 'ফকিরটিলা,রাউজান', '2021-05-25 23:49:01', '2021-05-25 23:59:36'),
(228, 'মোসার্স জিয়া বাবা ফার্মেসী', '০১৮১৫৫১৫৭৮৮', 'ফকিরটিলা,রাউজান', '2021-05-25 23:49:01', '2021-05-25 23:59:36'),
(229, 'মোসার্স এস.এম. মেডিকো', '০১৮১৭৫০৪৪৭০', 'রমজান আলীহাট,রাউজান', '2021-05-25 23:49:01', '2021-05-25 23:59:36'),
(230, 'মোসার্স পাক কহিনুর ফার্মেসী', '০১৮১৯৩০৫৯৩৫', 'রমজান আলীহাট,রাউজান', '2021-05-25 23:49:01', '2021-05-25 23:59:36'),
(231, 'মোসার্স  রোকেয়া ফার্মেসী', '০১৮১৯৩০৫৯৩৫', 'রমজান আলীহাট,রাউজান', '2021-05-25 23:49:01', '2021-05-25 23:59:36'),
(232, 'মোসার্স সাজিয়া ফার্মেসী', '০১৮২৫৬৭৪৬৮৯', 'রমজান আলীহাট,রাউজান', '2021-05-25 23:49:01', '2021-05-25 23:59:36'),
(233, 'মোসার্স জিলানী ফার্মেসী', '০১৮৫৭৫৮৮৮৯৯', 'দরগা বাজার,রাউজান', '2021-05-25 23:49:01', '2021-05-25 23:59:36'),
(234, 'মোসার্স জনপ্রিয় ফার্মেসী', '০১৮১৯৬৪৯২৭৯', 'দরগা বাজার,রাউজান', '2021-05-25 23:49:01', '2021-05-25 23:59:36'),
(235, 'মোসার্স  সেবা নিকেতন', '০১৮২২৭৯৯১৮৭', 'কাগতিয়া বাজার,রাউজান', '2021-05-25 23:49:01', '2021-05-25 23:59:36'),
(236, 'মোসার্স ফারুকিয়া ফার্মেসী', '০১৮১৭৭৮০৭২৭', 'কাগতিয়া বাজার,রাউজান', '2021-05-25 23:49:01', '2021-05-25 23:59:36'),
(237, 'মোসার্স আমানত ফার্মেসী ', '০১৮৩০১১৯৩৯৫', 'কাগতিয়া বাজার,রাউজান', '2021-05-25 23:49:01', '2021-05-25 23:59:36'),
(238, 'মোসার্স জিয়া ফার্মেসী', '০১৮১৯৬৬৪৬৪৫', 'কাগতিয়া বাজার,রাউজান', '2021-05-25 23:49:01', '2021-05-25 23:59:36'),
(239, 'মোসার্স সৈয়দীয়া ফার্মেসী', '০১৮১৭৭৮৮২৮৫', 'হক বাজার,রাউজান', '2021-05-25 23:49:01', '2021-05-25 23:59:36'),
(240, 'মোসার্স আকবরিয়া ফার্মেসী', '০১৮১৫৬২৪৯১৫', 'হক বাজার,রাউজান', '2021-05-25 23:49:01', '2021-05-25 23:59:36'),
(241, 'মোসার্স লায়লা ফামেৃসী', '০১৮১৩২৮৪৫০৬', 'নাতুয়ান বাগিচা,রাউজান', '2021-05-25 23:49:01', '2021-05-25 23:59:36'),
(242, 'মোসার্স মদিনা ফার্মেসী', '০১৮৭৬৬৪৪৯৯৮', 'নাতুয়ান বাগিচা,রাউজান', '2021-05-25 23:49:01', '2021-05-25 23:59:36'),
(243, 'মোসার্স হামিদিয়া মেডিকেল হল', '০১৮১৭৭২২৩৩৫', 'নাতুয়ান বাগিচা,রাউজান', '2021-05-25 23:49:01', '2021-05-25 23:59:36'),
(244, 'মোসার্স  হেলথ কেয়ার ফার্মেসী', '০১৮২৭৭২৮০৯১০', 'অশরাফ আলীর হাট,রাউজান', '2021-05-25 23:49:01', '2021-05-25 23:59:36'),
(245, 'মোসার্স লাইফ কেয়ার ফার্মেসী', '০১৮১৮৫৫৬৭৯০', '্আশরাফ আলীর হাট', '2021-05-25 23:49:01', '2021-05-25 23:59:36'),
(246, 'মেসার্স চৌধুরী ফার্মেসী', '০১৮২৪৫৯৮৩৪২', 'আশরাফ আলী চৌ:হাট,রাউজান', '2021-05-25 23:49:01', '2021-05-25 23:59:36'),
(247, 'মেসার্স সবুজ মেডিকেল হল', '০১৮৬৩২২৬১১৬', 'সারাং বাজার, রাউজান', '2021-05-25 23:49:01', '2021-05-25 23:59:36'),
(248, 'মেসার্স জে এন এল ফার্মেসী', '০১৮৭৪৯২১০৪৭', 'জগন্নাথ হাট, রাউজান', '2021-05-25 23:49:01', '2021-05-25 23:59:36'),
(249, 'মেসার্স নিজাম ফার্মেসী', '০১৮৮২৮২৫৫১১', 'জগন্নাথ হাট, রাউজান', '2021-05-25 23:49:01', '2021-05-25 23:59:36'),
(250, 'মেসার্স লোকনাথ ফার্মেসী', '০১৮১৯৭৮৩০৬৫', 'আমিরহাট, রাউজান', '2021-05-25 23:49:01', '2021-05-25 23:59:36'),
(251, 'মেসার্স আলী মেডিকেল', '০১৮১৯৮৩৮৩৩৮', 'আমিরহাট, রাউজান', '2021-05-25 23:49:01', '2021-05-25 23:59:36'),
(252, 'মেসার্স ইয়াছিন শাহ্ ড্রাগ', '০১৮১৯৩৬৩৫৪৬', 'আমিরহাট, রাউজান', '2021-05-25 23:49:01', '2021-05-25 23:59:36'),
(253, 'মেসার্স আল-আমিন ফার্মেসী', '০১৮২২৭৩০৮৯৬', 'নতুনহাট, রাউজান', '2021-05-25 23:49:01', '2021-05-25 23:59:36'),
(254, 'মেসার্স আল-হারামাইন ফার্মেসী', '০১৮৩৬৯২৮২৩১', 'নতুনহাট, রাউজান', '2021-05-25 23:49:01', '2021-05-25 23:59:36'),
(255, 'মেসার্স সীমা মেডিকেল', '০১৮৩২০৮৩২৫৫', 'গহিরা,রাউজান', '2021-05-25 23:49:01', '2021-05-25 23:59:36'),
(256, 'মেসার্স মমতা ফার্মেসী', '1819536285', 'গহিরা,রাউজান', '2021-05-25 23:49:01', '2021-05-25 23:59:36'),
(257, 'মেসার্স ইউনিক ফার্মেসী', '০১৮১৯৬৩৬৯৫৫', 'গহিরা,রাউজান', '2021-05-25 23:49:01', '2021-05-25 23:59:36'),
(258, 'মেসার্স অর্পূনা ফার্মেসী', '০১৮১৯৩৩৬৫৮৮', 'গহিরা,রাউজান', '2021-05-25 23:49:01', '2021-05-25 23:59:36'),
(259, 'মেসার্স সেবা ইউনিক', '০১৮১৭৩২০২০৩', 'জলিলনগর, রাউজান', '2021-05-25 23:49:01', '2021-05-25 23:59:36'),
(260, 'মেসার্স মনোরমা ফার্মেসী', '০১৮১৫১১২৮৮২', 'জলিলনগর, রাউজান', '2021-05-25 23:49:01', '2021-05-25 23:59:36'),
(261, 'মেসার্স ভাই ভাই ফার্মেসী', '০১৮৪৫২৩৫৫৮৫', 'জলিলনগর, রাউজান', '2021-05-25 23:49:01', '2021-05-25 23:59:36'),
(262, 'মেসার্স রহমানিয়া ফার্মেসী', '০১৮৪৮৪৬১৬৩০', 'জলিলনগর, রাউজান', '2021-05-25 23:49:01', '2021-05-25 23:59:36'),
(263, 'মেসার্স শুল্ক ফার্মেসী', '০১৮১৮৮৫৪০৬৩', 'জলিলনগর, রাউজান', '2021-05-25 23:49:01', '2021-05-25 23:59:36'),
(264, 'আল রহমান ফার্মেসী', '01819000011', 'কাচারী রোড', '2021-06-06 05:35:36', '2021-06-07 02:13:30'),
(266, 'Tanvirul Islam', '০১৭১৭৫৯১৪৩৮', 'Dhaka Bangladesh', '2021-10-23 15:10:55', '2021-10-23 15:10:55');

-- --------------------------------------------------------

--
-- Table structure for table `failed_jobs`
--

CREATE TABLE `failed_jobs` (
  `id` bigint(20) UNSIGNED NOT NULL,
  `uuid` varchar(255) COLLATE utf8mb4_unicode_ci NOT NULL,
  `connection` text COLLATE utf8mb4_unicode_ci NOT NULL,
  `queue` text COLLATE utf8mb4_unicode_ci NOT NULL,
  `payload` longtext COLLATE utf8mb4_unicode_ci NOT NULL,
  `exception` longtext COLLATE utf8mb4_unicode_ci NOT NULL,
  `failed_at` timestamp NOT NULL DEFAULT current_timestamp()
) ENGINE=InnoDB DEFAULT CHARSET=utf8mb4 COLLATE=utf8mb4_unicode_ci;

-- --------------------------------------------------------

--
-- Table structure for table `invoices`
--

CREATE TABLE `invoices` (
  `id` bigint(20) UNSIGNED NOT NULL,
  `product_id` varchar(255) COLLATE utf8mb4_unicode_ci NOT NULL,
  `product_qty` varchar(255) COLLATE utf8mb4_unicode_ci NOT NULL,
  `product_bonus` varchar(255) COLLATE utf8mb4_unicode_ci NOT NULL,
  `product_price` varchar(255) COLLATE utf8mb4_unicode_ci NOT NULL,
  `customer_Id` varchar(255) COLLATE utf8mb4_unicode_ci NOT NULL,
  `representative_id` varchar(100) COLLATE utf8mb4_unicode_ci NOT NULL,
  `sell_id` int(11) NOT NULL,
  `status` int(11) NOT NULL,
  `created_at` timestamp NULL DEFAULT NULL,
  `updated_at` timestamp NULL DEFAULT NULL
) ENGINE=InnoDB DEFAULT CHARSET=utf8mb4 COLLATE=utf8mb4_unicode_ci;

--
-- Dumping data for table `invoices`
--

INSERT INTO `invoices` (`id`, `product_id`, `product_qty`, `product_bonus`, `product_price`, `customer_Id`, `representative_id`, `sell_id`, `status`, `created_at`, `updated_at`) VALUES
(17, '14', '6', '0', '113', '151', '7', 6, 1, '2021-06-03 00:31:52', '2021-06-03 00:31:52'),
(18, '28', '20', '0', '162', '151', '7', 6, 1, '2021-06-03 00:31:52', '2021-06-03 00:31:52'),
(19, '2', '24', '0', '160', '151', '7', 6, 1, '2021-06-03 00:31:52', '2021-06-03 00:31:52'),
(20, '11', '6', '0', '113', '151', '7', 6, 1, '2021-06-03 00:31:52', '2021-06-03 00:31:52'),
(21, '2', '72', '8', '160', '211', '5', 7, 1, '2021-06-03 00:56:57', '2021-06-03 00:56:57'),
(22, '8', '36', '4', '141', '211', '5', 8, 1, '2021-06-03 01:00:52', '2021-06-03 01:00:52'),
(23, '2', '72', '8', '160', '211', '5', 8, 1, '2021-06-03 01:00:52', '2021-06-03 01:00:52'),
(24, '16', '3', '0', '121', '211', '5', 8, 1, '2021-06-03 01:00:52', '2021-06-03 01:00:52'),
(25, '18', '12', '0', '49', '211', '5', 8, 1, '2021-06-03 01:00:52', '2021-06-03 01:00:52'),
(26, '72', '10', '1', '194', '211', '5', 8, 1, '2021-06-03 01:00:52', '2021-06-03 01:00:52'),
(27, '123', '5', '0', '242', '211', '5', 8, 1, '2021-06-03 01:00:52', '2021-06-03 01:00:52'),
(28, '28', '12', '1', '162', '1', '5', 9, 1, '2021-06-03 01:03:02', '2021-06-03 01:03:02'),
(29, '2', '72', '8', '160', '1', '5', 9, 1, '2021-06-03 01:03:02', '2021-06-03 01:03:02'),
(30, '13', '36', '4', '40', '1', '5', 9, 1, '2021-06-03 01:03:02', '2021-06-03 01:03:02'),
(31, '22', '12', '1', '49', '1', '5', 9, 1, '2021-06-03 01:03:02', '2021-06-03 01:03:02'),
(38, '22', '12', '1', '49', '123', '5', 12, 1, '2021-06-04 23:49:30', '2021-06-04 23:49:30'),
(39, '22', '12', '1', '49', '214', '5', 13, 1, '2021-06-04 23:56:37', '2021-06-04 23:56:37'),
(40, '28', '12', '1', '162', '218', '5', 14, 1, '2021-06-04 23:59:57', '2021-06-04 23:59:57'),
(41, '2', '36', '4', '160', '218', '5', 14, 1, '2021-06-04 23:59:57', '2021-06-04 23:59:57'),
(42, '7', '24', '0', '40', '218', '5', 14, 1, '2021-06-04 23:59:57', '2021-06-04 23:59:57'),
(43, '22', '36', '4', '49', '218', '5', 14, 1, '2021-06-04 23:59:57', '2021-06-04 23:59:57'),
(44, '4', '24', '0', '49', '83', '5', 15, 1, '2021-06-05 00:01:41', '2021-06-05 00:01:41'),
(45, '13', '36', '4', '40', '83', '5', 15, 1, '2021-06-05 00:01:41', '2021-06-05 00:01:41'),
(46, '28', '12', '1', '162', '86', '5', 16, 1, '2021-06-05 00:03:10', '2021-06-05 00:03:10'),
(47, '30', '12', '0', '52', '86', '5', 16, 1, '2021-06-05 00:03:10', '2021-06-05 00:03:10'),
(48, '2', '36', '4', '160', '84', '5', 17, 1, '2021-06-05 00:05:34', '2021-06-05 00:05:34'),
(49, '5', '12', '0', '105', '84', '5', 17, 1, '2021-06-05 00:05:34', '2021-06-05 00:05:34'),
(50, '22', '12', '1', '49', '84', '5', 17, 1, '2021-06-05 00:05:34', '2021-06-05 00:05:34'),
(51, '2', '1', '0', '160', '73', '5', 18, 1, '2021-06-05 00:14:30', '2021-06-05 00:14:30'),
(52, '10', '2', '0', '52', '73', '5', 18, 1, '2021-06-05 00:14:30', '2021-06-05 00:14:30'),
(53, '11', '1', '0', '113', '73', '5', 18, 1, '2021-06-05 00:14:30', '2021-06-05 00:14:30'),
(54, '13', '3', '0', '40', '73', '5', 18, 1, '2021-06-05 00:14:30', '2021-06-05 00:14:30'),
(55, '28', '3', '0', '162', '85', '5', 19, 1, '2021-06-05 00:16:29', '2021-06-05 00:16:29'),
(56, '2', '12', '1', '160', '85', '5', 19, 1, '2021-06-05 00:16:29', '2021-06-05 00:16:29'),
(57, '28', '12', '1', '162', '173', '5', 20, 1, '2021-06-05 00:18:12', '2021-06-05 00:18:12'),
(58, '2', '12', '1', '160', '173', '5', 20, 1, '2021-06-05 00:18:12', '2021-06-05 00:18:12'),
(59, '2', '12', '1', '160', '87', '5', 21, 1, '2021-06-05 03:57:39', '2021-06-05 03:57:39'),
(60, '5', '4', '0', '105', '87', '5', 21, 1, '2021-06-05 03:57:39', '2021-06-05 03:57:39'),
(61, '13', '12', '1', '40', '87', '5', 21, 1, '2021-06-05 03:57:39', '2021-06-05 03:57:39'),
(62, '22', '12', '1', '49', '87', '5', 21, 1, '2021-06-05 03:57:39', '2021-06-05 03:57:39'),
(63, '2', '12', '1', '160', '219', '5', 22, 1, '2021-06-05 03:59:44', '2021-06-05 03:59:44'),
(64, '2', '12', '1', '160', '52', '5', 23, 1, '2021-06-05 04:01:57', '2021-06-05 04:01:57'),
(65, '7', '12', '0', '40', '52', '5', 23, 1, '2021-06-05 04:01:57', '2021-06-05 04:01:57'),
(66, '24', '3', '0', '57', '15', '5', 24, 1, '2021-06-05 04:05:45', '2021-06-05 04:05:45'),
(67, '123', '2', '0', '242', '15', '5', 24, 1, '2021-06-05 04:05:45', '2021-06-05 04:05:45'),
(68, '5', '6', '0', '105', '229', '8', 25, 1, '2021-06-05 04:08:00', '2021-06-05 04:08:00'),
(69, '123', '3', '0', '242', '229', '8', 25, 1, '2021-06-05 04:08:00', '2021-06-05 04:08:00'),
(70, '76', '2', '0', '145', '193', '8', 26, 1, '2021-06-05 04:10:38', '2021-06-05 04:10:38'),
(71, '27', '4', '0', '49', '193', '8', 26, 1, '2021-06-05 04:10:38', '2021-06-05 04:10:38'),
(72, '24', '6', '0', '57', '193', '8', 26, 1, '2021-06-05 04:10:38', '2021-06-05 04:10:38'),
(73, '30', '6', '0', '52', '193', '8', 26, 1, '2021-06-05 04:10:38', '2021-06-05 04:10:38'),
(74, '108', '2', '0', '145', '193', '8', 26, 1, '2021-06-05 04:10:38', '2021-06-05 04:10:38'),
(75, '2', '8', '0', '160', '236', '8', 27, 1, '2021-06-05 04:17:32', '2021-06-05 04:17:32'),
(76, '5', '8', '0', '105', '236', '8', 27, 1, '2021-06-05 04:17:32', '2021-06-05 04:17:32'),
(77, '7', '18', '0', '40', '236', '8', 27, 1, '2021-06-05 04:17:32', '2021-06-05 04:17:32'),
(78, '8', '2', '0', '141', '236', '8', 27, 1, '2021-06-05 04:17:32', '2021-06-05 04:17:32'),
(79, '13', '6', '0', '40', '236', '8', 27, 1, '2021-06-05 04:17:32', '2021-06-05 04:17:32'),
(80, '22', '18', '0', '49', '236', '8', 27, 1, '2021-06-05 04:17:32', '2021-06-05 04:17:32'),
(81, '123', '2', '0', '242', '236', '8', 27, 1, '2021-06-05 04:17:32', '2021-06-05 04:17:32'),
(82, '61', '2', '0', '105', '236', '8', 27, 1, '2021-06-05 04:17:32', '2021-06-05 04:17:32'),
(83, '5', '4', '0', '105', '129', '8', 28, 1, '2021-06-05 04:20:39', '2021-06-05 04:20:39'),
(84, '7', '24', '0', '40', '129', '8', 28, 1, '2021-06-05 04:20:39', '2021-06-05 04:20:39'),
(85, '8', '4', '0', '141', '129', '8', 28, 1, '2021-06-05 04:20:39', '2021-06-05 04:20:39'),
(86, '123', '1', '0', '242', '129', '8', 28, 1, '2021-06-05 04:20:39', '2021-06-05 04:20:39'),
(87, '61', '2', '0', '105', '129', '8', 28, 1, '2021-06-05 04:20:39', '2021-06-05 04:20:39'),
(88, '7', '36', '4', '40', '11', '8', 29, 1, '2021-06-05 04:26:12', '2021-06-05 04:26:12'),
(89, '8', '12', '1', '141', '11', '8', 29, 1, '2021-06-05 04:26:12', '2021-06-05 04:26:12'),
(90, '76', '12', '0', '145', '11', '8', 29, 1, '2021-06-05 04:26:12', '2021-06-05 04:26:12'),
(91, '16', '3', '0', '121', '11', '8', 29, 1, '2021-06-05 04:26:12', '2021-06-05 04:26:12'),
(92, '72', '10', '1', '194', '11', '8', 29, 1, '2021-06-05 04:26:12', '2021-06-05 04:26:12'),
(93, '2', '12', '1', '160', '227', '8', 30, 1, '2021-06-05 04:30:21', '2021-06-05 04:30:21'),
(94, '7', '12', '0', '40', '227', '8', 30, 1, '2021-06-05 04:30:21', '2021-06-05 04:30:21'),
(95, '13', '12', '1', '40', '227', '8', 30, 1, '2021-06-05 04:30:21', '2021-06-05 04:30:21'),
(96, '18', '12', '0', '49', '227', '8', 30, 1, '2021-06-05 04:30:21', '2021-06-05 04:30:21'),
(97, '25', '3', '0', '121', '227', '8', 30, 1, '2021-06-05 04:30:21', '2021-06-05 04:30:21'),
(98, '123', '5', '0', '242', '227', '8', 30, 1, '2021-06-05 04:30:21', '2021-06-05 04:30:21'),
(99, '124', '6', '0', '52', '227', '8', 30, 1, '2021-06-05 04:30:21', '2021-06-05 04:30:21'),
(100, '2', '9', '1', '160', '228', '8', 31, 1, '2021-06-05 04:32:14', '2021-06-05 04:32:14'),
(101, '22', '12', '0', '49', '228', '8', 31, 1, '2021-06-05 04:32:14', '2021-06-05 04:32:14'),
(102, '123', '1', '0', '242', '228', '8', 31, 1, '2021-06-05 04:32:14', '2021-06-05 04:32:14'),
(103, '2', '12', '1', '160', '233', '8', 32, 1, '2021-06-05 04:33:51', '2021-06-05 04:33:51'),
(104, '5', '12', '1', '105', '233', '8', 32, 1, '2021-06-05 04:33:51', '2021-06-05 04:33:51'),
(105, '8', '3', '0', '141', '233', '8', 32, 1, '2021-06-05 04:33:51', '2021-06-05 04:33:51'),
(106, '30', '6', '0', '52', '233', '8', 32, 1, '2021-06-05 04:33:51', '2021-06-05 04:33:51'),
(107, '5', '6', '0', '105', '237', '8', 33, 1, '2021-06-05 04:36:34', '2021-06-05 04:36:34'),
(108, '7', '12', '1', '40', '237', '8', 33, 1, '2021-06-05 04:36:34', '2021-06-05 04:36:34'),
(109, '22', '6', '0', '49', '237', '8', 33, 1, '2021-06-05 04:36:34', '2021-06-05 04:36:34'),
(110, '123', '1', '0', '242', '237', '8', 33, 1, '2021-06-05 04:36:34', '2021-06-05 04:36:34'),
(111, '2', '72', '8', '160', '113', '8', 34, 1, '2021-06-05 04:38:33', '2021-06-05 04:38:33'),
(112, '4', '144', '12', '49', '113', '8', 34, 1, '2021-06-05 04:38:33', '2021-06-05 04:38:33'),
(113, '75', '2', '0', '69', '113', '8', 34, 1, '2021-06-05 04:38:33', '2021-06-05 04:38:33'),
(114, '13', '12', '1', '40', '113', '8', 34, 1, '2021-06-05 04:38:33', '2021-06-05 04:38:33'),
(115, '7', '12', '0', '40', '252', '8', 35, 1, '2021-06-05 04:40:08', '2021-06-05 04:40:08'),
(116, '75', '24', '0', '69', '252', '8', 35, 1, '2021-06-05 04:40:08', '2021-06-05 04:40:08'),
(117, '7', '24', '0', '40', '225', '8', 36, 1, '2021-06-05 04:42:10', '2021-06-05 04:42:10'),
(118, '8', '2', '0', '141', '225', '8', 36, 1, '2021-06-05 04:42:10', '2021-06-05 04:42:10'),
(119, '13', '12', '1', '40', '225', '8', 36, 1, '2021-06-05 04:42:10', '2021-06-05 04:42:10'),
(120, '22', '12', '1', '49', '225', '8', 36, 1, '2021-06-05 04:42:10', '2021-06-05 04:42:10'),
(121, '30', '12', '1', '52', '225', '8', 36, 1, '2021-06-05 04:42:10', '2021-06-05 04:42:10'),
(122, '2', '36', '4', '160', '246', '8', 37, 1, '2021-06-05 04:44:39', '2021-06-05 04:44:39'),
(123, '7', '12', '1', '40', '246', '8', 37, 1, '2021-06-05 04:44:39', '2021-06-05 04:44:39'),
(124, '22', '12', '1', '49', '246', '8', 37, 1, '2021-06-05 04:44:39', '2021-06-05 04:44:39'),
(125, '7', '12', '0', '40', '77', '8', 38, 1, '2021-06-05 04:45:15', '2021-06-05 04:45:15'),
(126, '5', '1', '0', '105', '244', '8', 39, 1, '2021-06-05 04:46:36', '2021-06-05 04:46:36'),
(127, '22', '24', '2', '49', '244', '8', 39, 1, '2021-06-05 04:46:36', '2021-06-05 04:46:36'),
(128, '123', '1', '0', '242', '244', '8', 39, 1, '2021-06-05 04:46:36', '2021-06-05 04:46:36'),
(129, '61', '6', '0', '105', '244', '8', 39, 1, '2021-06-05 04:46:36', '2021-06-05 04:46:36'),
(130, '5', '3', '0', '105', '199', '8', 40, 1, '2021-06-05 04:47:28', '2021-06-05 04:47:28'),
(131, '33', '12', '0', '49', '199', '8', 40, 1, '2021-06-05 04:47:28', '2021-06-05 04:47:28'),
(132, '30', '12', '0', '52', '199', '8', 40, 1, '2021-06-05 04:47:28', '2021-06-05 04:47:28'),
(133, '2', '9', '1', '160', '261', '8', 41, 1, '2021-06-05 04:48:05', '2021-06-05 04:48:05'),
(134, '2', '3', '0', '160', '230', '8', 42, 1, '2021-06-05 04:49:56', '2021-06-05 04:49:56'),
(135, '5', '3', '0', '105', '230', '8', 42, 1, '2021-06-05 04:49:56', '2021-06-05 04:49:56'),
(136, '7', '12', '0', '40', '230', '8', 42, 1, '2021-06-05 04:49:56', '2021-06-05 04:49:56'),
(137, '25', '1', '0', '121', '230', '8', 42, 1, '2021-06-05 04:49:56', '2021-06-05 04:49:56'),
(138, '72', '10', '1', '194', '230', '8', 42, 1, '2021-06-05 04:49:56', '2021-06-05 04:49:56'),
(139, '123', '1', '0', '242', '230', '8', 42, 1, '2021-06-05 04:49:56', '2021-06-05 04:49:56'),
(140, '61', '6', '0', '105', '230', '8', 42, 1, '2021-06-05 04:49:56', '2021-06-05 04:49:56'),
(141, '2', '6', '0', '160', '240', '8', 43, 1, '2021-06-05 04:51:31', '2021-06-05 04:51:31'),
(142, '5', '2', '0', '105', '240', '8', 43, 1, '2021-06-05 04:51:31', '2021-06-05 04:51:31'),
(143, '7', '6', '0', '40', '240', '8', 43, 1, '2021-06-05 04:51:31', '2021-06-05 04:51:31'),
(144, '13', '3', '0', '40', '240', '8', 43, 1, '2021-06-05 04:51:31', '2021-06-05 04:51:31'),
(145, '123', '3', '0', '242', '240', '8', 43, 1, '2021-06-05 04:51:31', '2021-06-05 04:51:31'),
(146, '5', '12', '1', '105', '21', '8', 44, 1, '2021-06-05 04:54:49', '2021-06-05 04:54:49'),
(147, '7', '36', '3', '40', '21', '8', 44, 1, '2021-06-05 04:54:49', '2021-06-05 04:54:49'),
(148, '75', '2', '0', '69', '21', '8', 44, 1, '2021-06-05 04:54:49', '2021-06-05 04:54:49'),
(149, '76', '1', '0', '145', '21', '8', 44, 1, '2021-06-05 04:54:49', '2021-06-05 04:54:49'),
(150, '13', '12', '1', '40', '21', '8', 44, 1, '2021-06-05 04:54:49', '2021-06-05 04:54:49'),
(151, '22', '12', '1', '49', '21', '8', 44, 1, '2021-06-05 04:54:49', '2021-06-05 04:54:49'),
(152, '123', '5', '0', '242', '21', '8', 44, 1, '2021-06-05 04:54:49', '2021-06-05 04:54:49'),
(153, '7', '12', '1', '40', '216', '8', 45, 1, '2021-06-05 05:21:43', '2021-06-05 05:21:43'),
(154, '13', '12', '1', '40', '216', '8', 45, 1, '2021-06-05 05:21:43', '2021-06-05 05:21:43'),
(155, '22', '12', '1', '49', '216', '8', 45, 1, '2021-06-05 05:21:43', '2021-06-05 05:21:43'),
(156, '106', '1', '0', '170', '216', '8', 45, 1, '2021-06-05 05:21:43', '2021-06-05 05:21:43'),
(157, '123', '1', '0', '242', '216', '8', 45, 1, '2021-06-05 05:21:43', '2021-06-05 05:21:43'),
(158, '28', '3', '0', '162', '201', '8', 46, 1, '2021-06-05 05:23:54', '2021-06-05 05:23:54'),
(159, '8', '6', '0', '141', '201', '8', 46, 1, '2021-06-05 05:23:54', '2021-06-05 05:23:54'),
(160, '13', '12', '0', '40', '201', '8', 46, 1, '2021-06-05 05:23:54', '2021-06-05 05:23:54'),
(161, '34', '3', '0', '57', '201', '8', 46, 1, '2021-06-05 05:23:54', '2021-06-05 05:23:54'),
(162, '123', '12', '0', '242', '201', '8', 46, 1, '2021-06-05 05:23:54', '2021-06-05 05:23:54'),
(163, '61', '3', '0', '105', '201', '8', 46, 1, '2021-06-05 05:23:54', '2021-06-05 05:23:54'),
(164, '2', '3', '0', '160', '202', '8', 47, 1, '2021-06-05 05:24:58', '2021-06-05 05:24:58'),
(165, '7', '12', '0', '40', '202', '8', 47, 1, '2021-06-05 05:24:58', '2021-06-05 05:24:58'),
(166, '123', '1', '0', '242', '202', '8', 47, 1, '2021-06-05 05:24:58', '2021-06-05 05:24:58'),
(167, '28', '6', '0', '162', '208', '8', 48, 1, '2021-06-05 05:26:45', '2021-06-05 05:26:45'),
(168, '72', '10', '1', '194', '208', '8', 48, 1, '2021-06-05 05:26:45', '2021-06-05 05:26:45'),
(169, '123', '2', '0', '242', '208', '8', 48, 1, '2021-06-05 05:26:45', '2021-06-05 05:26:45'),
(170, '30', '12', '0', '52', '208', '8', 48, 1, '2021-06-05 05:26:45', '2021-06-05 05:26:45'),
(171, '5', '6', '0', '105', '187', '8', 49, 1, '2021-06-05 05:28:24', '2021-06-05 05:28:24'),
(172, '13', '12', '1', '40', '187', '8', 49, 1, '2021-06-05 05:28:24', '2021-06-05 05:28:24'),
(173, '16', '1', '0', '121', '187', '8', 49, 1, '2021-06-05 05:28:24', '2021-06-05 05:28:24'),
(174, '123', '5', '0', '242', '187', '8', 49, 1, '2021-06-05 05:28:24', '2021-06-05 05:28:24'),
(175, '7', '36', '0', '40', '185', '8', 50, 1, '2021-06-05 05:29:51', '2021-06-05 05:29:51'),
(176, '13', '12', '1', '40', '185', '8', 50, 1, '2021-06-05 05:29:51', '2021-06-05 05:29:51'),
(177, '22', '12', '1', '49', '185', '8', 50, 1, '2021-06-05 05:29:51', '2021-06-05 05:29:51'),
(178, '7', '12', '1', '40', '192', '8', 51, 1, '2021-06-05 05:31:30', '2021-06-05 05:31:30'),
(179, '13', '12', '1', '40', '192', '8', 51, 1, '2021-06-05 05:31:30', '2021-06-05 05:31:30'),
(180, '123', '1', '0', '242', '192', '8', 51, 1, '2021-06-05 05:31:30', '2021-06-05 05:31:30'),
(181, '28', '1', '0', '162', '178', '8', 52, 1, '2021-06-05 05:33:10', '2021-06-05 05:33:10'),
(182, '7', '24', '2', '40', '178', '8', 52, 1, '2021-06-05 05:33:10', '2021-06-05 05:33:10'),
(183, '13', '12', '1', '40', '178', '8', 52, 1, '2021-06-05 05:33:10', '2021-06-05 05:33:10'),
(184, '22', '12', '1', '49', '178', '8', 52, 1, '2021-06-05 05:33:10', '2021-06-05 05:33:10'),
(185, '123', '3', '0', '242', '178', '8', 52, 1, '2021-06-05 05:33:10', '2021-06-05 05:33:10'),
(186, '28', '12', '1', '162', '180', '8', 53, 1, '2021-06-05 05:36:05', '2021-06-05 05:36:05'),
(187, '2', '36', '4', '160', '180', '8', 53, 1, '2021-06-05 05:36:05', '2021-06-05 05:36:05'),
(188, '5', '12', '1', '105', '180', '8', 53, 1, '2021-06-05 05:36:05', '2021-06-05 05:36:05'),
(189, '8', '12', '1', '141', '180', '8', 53, 1, '2021-06-05 05:36:05', '2021-06-05 05:36:05'),
(190, '22', '24', '2', '49', '180', '8', 53, 1, '2021-06-05 05:36:05', '2021-06-05 05:36:05'),
(191, '25', '2', '0', '121', '180', '8', 53, 1, '2021-06-05 05:36:05', '2021-06-05 05:36:05'),
(192, '2', '12', '1', '160', '177', '8', 54, 1, '2021-06-05 05:38:21', '2021-06-05 05:38:21'),
(193, '5', '12', '1', '105', '177', '8', 54, 1, '2021-06-05 05:38:21', '2021-06-05 05:38:21'),
(194, '123', '3', '0', '242', '177', '8', 54, 1, '2021-06-05 05:38:21', '2021-06-05 05:38:21'),
(195, '2', '3', '0', '160', '217', '8', 55, 1, '2021-06-05 05:40:25', '2021-06-05 05:40:25'),
(196, '5', '3', '0', '105', '217', '8', 55, 1, '2021-06-05 05:40:25', '2021-06-05 05:40:25'),
(197, '7', '6', '0', '40', '217', '8', 55, 1, '2021-06-05 05:40:25', '2021-06-05 05:40:25'),
(198, '16', '2', '0', '121', '217', '8', 55, 1, '2021-06-05 05:40:25', '2021-06-05 05:40:25'),
(199, '28', '1', '0', '162', '244', '8', 56, 1, '2021-06-05 05:42:09', '2021-06-05 05:42:09'),
(200, '2', '1', '0', '160', '244', '8', 56, 1, '2021-06-05 05:42:09', '2021-06-05 05:42:09'),
(201, '5', '1', '0', '105', '244', '8', 56, 1, '2021-06-05 05:42:09', '2021-06-05 05:42:09'),
(202, '7', '3', '0', '40', '244', '8', 56, 1, '2021-06-05 05:42:09', '2021-06-05 05:42:09'),
(203, '8', '1', '0', '141', '244', '8', 56, 1, '2021-06-05 05:42:09', '2021-06-05 05:42:09'),
(204, '7', '12', '0', '40', '206', '8', 57, 1, '2021-06-05 05:42:56', '2021-06-05 05:42:56'),
(205, '7', '12', '0', '40', '209', '8', 58, 1, '2021-06-05 05:44:19', '2021-06-05 05:44:19'),
(206, '10', '1', '0', '52', '209', '8', 58, 1, '2021-06-05 05:44:19', '2021-06-05 05:44:19'),
(207, '18', '2', '0', '49', '209', '8', 58, 1, '2021-06-05 05:44:19', '2021-06-05 05:44:19'),
(208, '22', '3', '0', '49', '209', '8', 58, 1, '2021-06-05 05:44:19', '2021-06-05 05:44:19'),
(209, '27', '2', '0', '49', '209', '8', 58, 1, '2021-06-05 05:44:19', '2021-06-05 05:44:19'),
(210, '28', '3', '0', '162', '198', '8', 59, 1, '2021-06-05 05:46:29', '2021-06-05 05:46:29'),
(211, '5', '12', '1', '105', '198', '8', 59, 1, '2021-06-05 05:46:29', '2021-06-05 05:46:29'),
(212, '7', '60', '0', '40', '198', '8', 59, 1, '2021-06-05 05:46:29', '2021-06-05 05:46:29'),
(213, '76', '2', '0', '145', '198', '8', 59, 1, '2021-06-05 05:46:29', '2021-06-05 05:46:29'),
(214, '22', '36', '3', '49', '198', '8', 59, 1, '2021-06-05 05:46:29', '2021-06-05 05:46:29'),
(215, '19', '2', '0', '194', '198', '8', 59, 1, '2021-06-05 05:46:29', '2021-06-05 05:46:29'),
(216, '123', '6', '0', '242', '198', '8', 59, 1, '2021-06-05 05:46:29', '2021-06-05 05:46:29'),
(217, '2', '6', '0', '160', '74', '8', 60, 1, '2021-06-05 05:49:53', '2021-06-05 05:49:53'),
(218, '5', '4', '0', '105', '74', '8', 60, 1, '2021-06-05 05:49:53', '2021-06-05 05:49:53'),
(219, '7', '12', '0', '40', '74', '8', 60, 1, '2021-06-05 05:49:53', '2021-06-05 05:49:53'),
(220, '8', '2', '0', '141', '74', '8', 60, 1, '2021-06-05 05:49:53', '2021-06-05 05:49:53'),
(221, '16', '1', '0', '121', '74', '8', 60, 1, '2021-06-05 05:49:53', '2021-06-05 05:49:53'),
(222, '22', '2', '0', '49', '74', '8', 60, 1, '2021-06-05 05:49:53', '2021-06-05 05:49:53'),
(223, '24', '4', '0', '57', '74', '8', 60, 1, '2021-06-05 05:49:53', '2021-06-05 05:49:53'),
(224, '123', '1', '0', '242', '74', '8', 60, 1, '2021-06-05 05:49:53', '2021-06-05 05:49:53'),
(225, '2', '12', '1', '160', '223', '8', 61, 1, '2021-06-05 05:51:17', '2021-06-05 05:51:17'),
(226, '5', '12', '1', '105', '223', '8', 61, 1, '2021-06-05 05:51:17', '2021-06-05 05:51:17'),
(227, '7', '12', '1', '40', '223', '8', 61, 1, '2021-06-05 05:51:17', '2021-06-05 05:51:17'),
(228, '16', '3', '0', '121', '223', '8', 61, 1, '2021-06-05 05:51:17', '2021-06-05 05:51:17'),
(229, '22', '12', '1', '49', '223', '8', 61, 1, '2021-06-05 05:51:17', '2021-06-05 05:51:17'),
(230, '13', '6', '0', '40', '241', '8', 62, 1, '2021-06-05 05:52:45', '2021-06-05 05:52:45'),
(231, '36', '3', '0', '57', '10', '8', 63, 1, '2021-06-05 05:55:16', '2021-06-05 05:55:16'),
(232, '2', '72', '8', '160', '113', '8', 64, 1, '2021-06-05 09:28:15', '2021-06-05 09:28:15'),
(233, '7', '144', '12', '40', '113', '8', 64, 1, '2021-06-05 09:28:15', '2021-06-05 09:28:15'),
(234, '13', '12', '1', '40', '113', '8', 64, 1, '2021-06-05 09:28:15', '2021-06-05 09:28:15'),
(235, '2', '72', '8', '160', '113', '8', 65, 1, '2021-06-05 09:31:32', '2021-06-05 09:31:32'),
(236, '7', '144', '12', '40', '113', '8', 65, 1, '2021-06-05 09:31:32', '2021-06-05 09:31:32'),
(237, '75', '2', '0', '69', '113', '8', 65, 1, '2021-06-05 09:31:32', '2021-06-05 09:31:32'),
(238, '13', '12', '1', '40', '113', '8', 65, 1, '2021-06-05 09:31:32', '2021-06-05 09:31:32'),
(239, '5', '12', '0', '105', '6', '5', 66, 1, '2021-06-06 05:42:00', '2021-06-06 05:42:00'),
(240, '7', '24', '0', '40', '6', '5', 66, 1, '2021-06-06 05:42:00', '2021-06-06 05:42:00'),
(241, '75', '2', '0', '69', '6', '5', 66, 1, '2021-06-06 05:42:00', '2021-06-06 05:42:00'),
(242, '76', '3', '0', '145', '6', '5', 66, 1, '2021-06-06 05:42:00', '2021-06-06 05:42:00'),
(243, '11', '2', '0', '113', '6', '5', 66, 1, '2021-06-06 05:42:00', '2021-06-06 05:42:00'),
(244, '13', '12', '1', '40', '6', '5', 66, 1, '2021-06-06 05:42:00', '2021-06-06 05:42:00'),
(245, '22', '12', '1', '49', '6', '5', 66, 1, '2021-06-06 05:42:00', '2021-06-06 05:42:00'),
(246, '78', '1', '0', '81', '6', '5', 66, 1, '2021-06-06 05:42:00', '2021-06-06 05:42:00'),
(247, '2', '12', '1', '160', '145', '5', 67, 1, '2021-06-06 05:48:30', '2021-06-06 05:48:30'),
(248, '5', '3', '0', '105', '145', '5', 67, 1, '2021-06-06 05:48:30', '2021-06-06 05:48:30'),
(249, '7', '12', '0', '40', '145', '5', 67, 1, '2021-06-06 05:48:30', '2021-06-06 05:48:30'),
(250, '8', '3', '0', '141', '145', '5', 67, 1, '2021-06-06 05:48:30', '2021-06-06 05:48:30'),
(251, '22', '12', '1', '49', '145', '5', 67, 1, '2021-06-06 05:48:30', '2021-06-06 05:48:30'),
(252, '35', '3', '0', '57', '145', '5', 67, 1, '2021-06-06 05:48:30', '2021-06-06 05:48:30'),
(253, '28', '3', '0', '162', '106', '5', 68, 1, '2021-06-06 05:51:59', '2021-06-06 05:51:59'),
(254, '2', '12', '1', '160', '106', '5', 68, 1, '2021-06-06 05:51:59', '2021-06-06 05:51:59'),
(255, '4', '6', '0', '49', '106', '5', 68, 1, '2021-06-06 05:51:59', '2021-06-06 05:51:59'),
(256, '5', '12', '0', '105', '106', '5', 68, 1, '2021-06-06 05:51:59', '2021-06-06 05:51:59'),
(257, '7', '6', '0', '40', '106', '5', 68, 1, '2021-06-06 05:51:59', '2021-06-06 05:51:59'),
(258, '75', '3', '0', '69', '106', '5', 68, 1, '2021-06-06 05:51:59', '2021-06-06 05:51:59'),
(259, '10', '4', '0', '52', '106', '5', 68, 1, '2021-06-06 05:51:59', '2021-06-06 05:51:59'),
(260, '13', '12', '1', '40', '106', '5', 68, 1, '2021-06-06 05:51:59', '2021-06-06 05:51:59'),
(261, '22', '12', '1', '49', '106', '5', 68, 1, '2021-06-06 05:51:59', '2021-06-06 05:51:59'),
(262, '7', '48', '0', '40', '100', '5', 69, 1, '2021-06-06 05:54:14', '2021-06-06 05:54:14'),
(263, '19', '6', '0', '194', '100', '5', 69, 1, '2021-06-06 05:54:14', '2021-06-06 05:54:14'),
(264, '72', '10', '1', '194', '100', '5', 69, 1, '2021-06-06 05:54:14', '2021-06-06 05:54:14'),
(265, '2', '36', '4', '160', '13', '5', 70, 1, '2021-06-06 06:00:08', '2021-06-06 06:00:08'),
(266, '4', '12', '0', '49', '13', '5', 70, 1, '2021-06-06 06:00:08', '2021-06-06 06:00:08'),
(267, '7', '36', '0', '40', '13', '5', 70, 1, '2021-06-06 06:00:08', '2021-06-06 06:00:08'),
(268, '75', '2', '0', '69', '13', '5', 70, 1, '2021-06-06 06:00:08', '2021-06-06 06:00:08'),
(269, '8', '12', '1', '141', '13', '5', 70, 1, '2021-06-06 06:00:08', '2021-06-06 06:00:08'),
(270, '76', '2', '0', '145', '13', '5', 70, 1, '2021-06-06 06:00:08', '2021-06-06 06:00:08'),
(271, '13', '12', '1', '40', '13', '5', 70, 1, '2021-06-06 06:00:08', '2021-06-06 06:00:08'),
(272, '16', '12', '1', '121', '13', '5', 70, 1, '2021-06-06 06:00:08', '2021-06-06 06:00:08'),
(273, '22', '36', '4', '49', '13', '5', 70, 1, '2021-06-06 06:00:08', '2021-06-06 06:00:08'),
(274, '78', '2', '0', '81', '13', '5', 70, 1, '2021-06-06 06:00:08', '2021-06-06 06:00:08'),
(275, '28', '1', '0', '162', '136', '7', 71, 1, '2021-06-06 06:24:28', '2021-06-06 06:24:28'),
(276, '13', '12', '1', '40', '136', '7', 71, 1, '2021-06-06 06:24:28', '2021-06-06 06:24:28'),
(277, '24', '3', '0', '57', '136', '7', 71, 1, '2021-06-06 06:24:28', '2021-06-06 06:24:28'),
(278, '72', '1', '0', '194', '136', '7', 71, 1, '2021-06-06 06:24:28', '2021-06-06 06:24:28'),
(279, '61', '1', '0', '105', '136', '7', 71, 1, '2021-06-06 06:24:28', '2021-06-06 06:24:28'),
(280, '4', '6', '0', '49', '132', '7', 72, 1, '2021-06-06 06:27:48', '2021-06-06 06:27:48'),
(281, '19', '1', '0', '194', '132', '7', 72, 1, '2021-06-06 06:27:48', '2021-06-06 06:27:48'),
(282, '123', '12', '0', '242', '132', '7', 72, 1, '2021-06-06 06:27:48', '2021-06-06 06:27:48'),
(283, '2', '36', '4', '160', '125', '7', 73, 1, '2021-06-06 07:02:30', '2021-06-06 07:02:30'),
(284, '5', '12', '1', '105', '125', '7', 73, 1, '2021-06-06 07:02:30', '2021-06-06 07:02:30'),
(285, '13', '12', '1', '40', '125', '7', 73, 1, '2021-06-06 07:02:30', '2021-06-06 07:02:30'),
(286, '22', '12', '1', '49', '125', '7', 73, 1, '2021-06-06 07:02:30', '2021-06-06 07:02:30'),
(287, '5', '6', '0', '105', '23', '7', 74, 1, '2021-06-06 07:04:28', '2021-06-06 07:04:28'),
(288, '7', '12', '1', '40', '23', '7', 74, 1, '2021-06-06 07:04:28', '2021-06-06 07:04:28'),
(289, '7', '12', '0', '40', '220', '7', 75, 1, '2021-06-06 07:10:00', '2021-06-06 07:10:00'),
(290, '24', '3', '0', '57', '220', '7', 75, 1, '2021-06-06 07:10:00', '2021-06-06 07:10:00'),
(291, '123', '1', '0', '242', '117', '7', 76, 1, '2021-06-06 07:11:23', '2021-06-06 07:11:23'),
(292, '121', '1', '0', '202', '117', '7', 76, 1, '2021-06-06 07:11:23', '2021-06-06 07:11:23'),
(293, '2', '36', '4', '160', '115', '7', 77, 1, '2021-06-06 07:12:39', '2021-06-06 07:12:39'),
(294, '5', '36', '4', '105', '115', '7', 77, 1, '2021-06-06 07:12:39', '2021-06-06 07:12:39'),
(295, '7', '12', '0', '40', '115', '7', 77, 1, '2021-06-06 07:12:39', '2021-06-06 07:12:39'),
(296, '28', '4', '0', '162', '99', '7', 78, 1, '2021-06-06 07:17:48', '2021-06-06 07:17:48'),
(297, '2', '12', '1', '160', '99', '7', 78, 1, '2021-06-06 07:17:48', '2021-06-06 07:17:48'),
(298, '8', '3', '0', '141', '99', '7', 78, 1, '2021-06-06 07:17:48', '2021-06-06 07:17:48'),
(299, '13', '12', '1', '40', '99', '7', 78, 1, '2021-06-06 07:17:48', '2021-06-06 07:17:48'),
(300, '16', '3', '0', '121', '99', '7', 78, 1, '2021-06-06 07:17:48', '2021-06-06 07:17:48'),
(301, '22', '12', '1', '49', '99', '7', 78, 1, '2021-06-06 07:17:48', '2021-06-06 07:17:48'),
(302, '28', '12', '1', '162', '127', '7', 79, 1, '2021-06-06 07:20:57', '2021-06-06 07:20:57'),
(303, '5', '12', '1', '105', '127', '7', 79, 1, '2021-06-06 07:20:57', '2021-06-06 07:20:57'),
(304, '7', '12', '0', '40', '127', '7', 79, 1, '2021-06-06 07:20:57', '2021-06-06 07:20:57'),
(305, '8', '12', '1', '141', '127', '7', 79, 1, '2021-06-06 07:20:57', '2021-06-06 07:20:57'),
(306, '5', '2', '0', '105', '111', '7', 80, 1, '2021-06-06 07:22:44', '2021-06-06 07:22:44'),
(307, '7', '12', '1', '40', '111', '7', 80, 1, '2021-06-06 07:22:44', '2021-06-06 07:22:44'),
(308, '13', '12', '1', '40', '111', '7', 80, 1, '2021-06-06 07:22:44', '2021-06-06 07:22:44'),
(309, '30', '3', '0', '52', '111', '7', 80, 1, '2021-06-06 07:22:44', '2021-06-06 07:22:44'),
(310, '2', '12', '1', '160', '104', '7', 81, 1, '2021-06-06 07:26:11', '2021-06-06 07:26:11'),
(311, '4', '6', '0', '49', '104', '7', 81, 1, '2021-06-06 07:26:11', '2021-06-06 07:26:11'),
(312, '18', '3', '0', '49', '104', '7', 81, 1, '2021-06-06 07:26:11', '2021-06-06 07:26:11'),
(313, '22', '12', '1', '49', '104', '7', 81, 1, '2021-06-06 07:26:11', '2021-06-06 07:26:11'),
(314, '27', '3', '0', '49', '104', '7', 81, 1, '2021-06-06 07:26:11', '2021-06-06 07:26:11'),
(315, '24', '12', '0', '57', '104', '7', 81, 1, '2021-06-06 07:26:11', '2021-06-06 07:26:11'),
(316, '78', '3', '0', '81', '104', '7', 81, 1, '2021-06-06 07:26:11', '2021-06-06 07:26:11'),
(317, '7', '12', '0', '40', '135', '7', 82, 1, '2021-06-06 07:29:40', '2021-06-06 07:29:40'),
(318, '24', '12', '0', '57', '135', '7', 82, 1, '2021-06-06 07:29:40', '2021-06-06 07:29:40'),
(319, '2', '4', '0', '160', '133', '7', 83, 1, '2021-06-06 07:38:48', '2021-06-06 07:38:48'),
(320, '4', '4', '0', '49', '133', '7', 83, 1, '2021-06-06 07:38:48', '2021-06-06 07:38:48'),
(321, '5', '4', '0', '105', '133', '7', 83, 1, '2021-06-06 07:38:48', '2021-06-06 07:38:48'),
(322, '7', '6', '0', '40', '133', '7', 83, 1, '2021-06-06 07:38:48', '2021-06-06 07:38:48'),
(323, '8', '2', '0', '141', '133', '7', 83, 1, '2021-06-06 07:38:48', '2021-06-06 07:38:48'),
(324, '76', '1', '0', '145', '133', '7', 83, 1, '2021-06-06 07:38:48', '2021-06-06 07:38:48'),
(325, '16', '1', '0', '121', '133', '7', 83, 1, '2021-06-06 07:38:48', '2021-06-06 07:38:48'),
(326, '18', '2', '0', '49', '133', '7', 83, 1, '2021-06-06 07:38:48', '2021-06-06 07:38:48'),
(327, '22', '12', '1', '49', '133', '7', 83, 1, '2021-06-06 07:38:48', '2021-06-06 07:38:48'),
(328, '25', '1', '0', '121', '133', '7', 83, 1, '2021-06-06 07:38:48', '2021-06-06 07:38:48'),
(329, '27', '2', '0', '49', '133', '7', 83, 1, '2021-06-06 07:38:48', '2021-06-06 07:38:48'),
(330, '24', '6', '0', '57', '133', '7', 83, 1, '2021-06-06 07:38:48', '2021-06-06 07:38:48'),
(331, '34', '2', '0', '57', '133', '7', 83, 1, '2021-06-06 07:38:48', '2021-06-06 07:38:48'),
(332, '123', '2', '0', '242', '133', '7', 83, 1, '2021-06-06 07:38:48', '2021-06-06 07:38:48'),
(333, '28', '4', '0', '162', '17', '8', 84, 1, '2021-06-06 08:47:33', '2021-06-06 08:47:33'),
(334, '2', '4', '0', '160', '17', '8', 84, 1, '2021-06-06 08:47:33', '2021-06-06 08:47:33'),
(335, '7', '4', '0', '40', '17', '8', 84, 1, '2021-06-06 08:47:33', '2021-06-06 08:47:33'),
(336, '7', '12', '0', '40', '125', '7', 85, 1, '2021-06-06 08:49:47', '2021-06-06 08:49:47'),
(337, '75', '2', '0', '69', '125', '7', 85, 1, '2021-06-06 08:49:47', '2021-06-06 08:49:47'),
(338, '8', '12', '1', '141', '125', '7', 85, 1, '2021-06-06 08:49:47', '2021-06-06 08:49:47'),
(339, '22', '12', '1', '49', '125', '7', 85, 1, '2021-06-06 08:49:47', '2021-06-06 08:49:47'),
(340, '2', '24', '2', '160', '53', '7', 86, 1, '2021-06-06 08:53:41', '2021-06-06 08:53:41'),
(341, '5', '12', '1', '105', '53', '7', 86, 1, '2021-06-06 08:53:41', '2021-06-06 08:53:41'),
(342, '7', '12', '0', '40', '53', '7', 86, 1, '2021-06-06 08:53:41', '2021-06-06 08:53:41'),
(343, '8', '12', '1', '141', '53', '7', 86, 1, '2021-06-06 08:53:41', '2021-06-06 08:53:41'),
(344, '7', '12', '1', '40', '174', '7', 87, 1, '2021-06-06 08:54:35', '2021-06-06 08:54:35'),
(345, '28', '36', '4', '162', '69', '7', 88, 1, '2021-06-06 08:56:48', '2021-06-06 08:56:48'),
(346, '72', '10', '1', '194', '69', '7', 88, 1, '2021-06-06 08:56:48', '2021-06-06 08:56:48'),
(347, '28', '6', '0', '162', '42', '7', 89, 1, '2021-06-06 09:02:03', '2021-06-06 09:02:03'),
(348, '5', '12', '1', '105', '42', '7', 89, 1, '2021-06-06 09:02:03', '2021-06-06 09:02:03'),
(349, '8', '12', '1', '141', '42', '7', 89, 1, '2021-06-06 09:02:03', '2021-06-06 09:02:03'),
(350, '83', '5', '0', '121', '42', '7', 89, 1, '2021-06-06 09:02:03', '2021-06-06 09:02:03'),
(351, '42', '12', '0', '113', '42', '7', 89, 1, '2021-06-06 09:02:03', '2021-06-06 09:02:03'),
(352, '157', '6', '0', '73', '42', '7', 89, 1, '2021-06-06 09:02:03', '2021-06-06 09:02:03'),
(353, '121', '6', '0', '202', '42', '7', 89, 1, '2021-06-06 09:02:03', '2021-06-06 09:02:03'),
(354, '28', '36', '4', '162', '21', '7', 90, 1, '2021-06-06 09:08:16', '2021-06-06 09:08:16'),
(355, '13', '12', '1', '40', '21', '7', 90, 1, '2021-06-06 09:08:16', '2021-06-06 09:08:16'),
(356, '76', '4', '0', '145', '172', '7', 91, 1, '2021-06-06 09:12:04', '2021-06-06 09:12:04'),
(357, '63', '4', '0', '178', '172', '7', 91, 1, '2021-06-06 09:12:04', '2021-06-06 09:12:04'),
(358, '28', '2', '0', '162', '145', '7', 92, 1, '2021-06-06 09:14:02', '2021-06-06 09:14:02'),
(359, '2', '2', '0', '160', '145', '7', 92, 1, '2021-06-06 09:14:02', '2021-06-06 09:14:02'),
(360, '7', '6', '0', '40', '145', '7', 92, 1, '2021-06-06 09:14:02', '2021-06-06 09:14:02'),
(361, '22', '6', '0', '49', '145', '7', 92, 1, '2021-06-06 09:14:02', '2021-06-06 09:14:02'),
(362, '6', '12', '0', '69', '143', '7', 93, 1, '2021-06-06 09:15:39', '2021-06-06 09:15:39'),
(363, '7', '12', '1', '40', '143', '7', 93, 1, '2021-06-06 09:15:39', '2021-06-06 09:15:39'),
(364, '76', '1', '0', '145', '143', '7', 93, 1, '2021-06-06 09:15:39', '2021-06-06 09:15:39'),
(365, '6', '12', '0', '69', '139', '7', 94, 1, '2021-06-06 09:17:33', '2021-06-06 09:17:33'),
(366, '7', '12', '1', '40', '139', '7', 94, 1, '2021-06-06 09:17:33', '2021-06-06 09:17:33'),
(367, '13', '12', '1', '40', '139', '7', 94, 1, '2021-06-06 09:17:33', '2021-06-06 09:17:33'),
(368, '123', '1', '0', '242', '139', '7', 94, 1, '2021-06-06 09:17:33', '2021-06-06 09:17:33'),
(369, '3', '2', '0', '97', '144', '7', 95, 1, '2021-06-06 09:19:43', '2021-06-06 09:19:43'),
(370, '4', '2', '0', '49', '144', '7', 95, 1, '2021-06-06 09:19:43', '2021-06-06 09:19:43'),
(371, '5', '36', '4', '105', '144', '7', 95, 1, '2021-06-06 09:19:43', '2021-06-06 09:19:43'),
(372, '105', '3', '0', '198', '144', '7', 95, 1, '2021-06-06 09:19:43', '2021-06-06 09:19:43'),
(373, '61', '3', '0', '105', '144', '7', 95, 1, '2021-06-06 09:19:43', '2021-06-06 09:19:43'),
(374, '5', '12', '1', '105', '73', '7', 96, 1, '2021-06-06 09:22:37', '2021-06-06 09:22:37'),
(375, '7', '24', '2', '40', '73', '7', 96, 1, '2021-06-06 09:22:37', '2021-06-06 09:22:37'),
(376, '2', '4', '0', '160', '171', '7', 97, 1, '2021-06-06 09:24:58', '2021-06-06 09:24:58'),
(377, '4', '4', '0', '49', '171', '7', 97, 1, '2021-06-06 09:24:58', '2021-06-06 09:24:58'),
(378, '5', '4', '0', '105', '171', '7', 97, 1, '2021-06-06 09:24:58', '2021-06-06 09:24:58'),
(379, '13', '4', '0', '40', '171', '7', 97, 1, '2021-06-06 09:24:58', '2021-06-06 09:24:58'),
(380, '24', '3', '0', '57', '171', '7', 97, 1, '2021-06-06 09:24:58', '2021-06-06 09:24:58'),
(381, '2', '36', '4', '160', '165', '7', 98, 1, '2021-06-06 09:28:41', '2021-06-06 09:28:41'),
(382, '5', '12', '1', '105', '165', '7', 98, 1, '2021-06-06 09:28:41', '2021-06-06 09:28:41'),
(383, '7', '36', '4', '40', '165', '7', 98, 1, '2021-06-06 09:28:41', '2021-06-06 09:28:41'),
(384, '8', '2', '0', '141', '165', '7', 98, 1, '2021-06-06 09:28:41', '2021-06-06 09:28:41'),
(385, '13', '12', '1', '40', '165', '7', 98, 1, '2021-06-06 09:28:41', '2021-06-06 09:28:41'),
(386, '28', '12', '1', '162', '73', '7', 99, 1, '2021-06-06 09:29:51', '2021-06-06 09:29:51'),
(387, '5', '12', '1', '105', '73', '7', 99, 1, '2021-06-06 09:29:51', '2021-06-06 09:29:51'),
(388, '13', '12', '1', '40', '73', '7', 99, 1, '2021-06-06 09:29:51', '2021-06-06 09:29:51'),
(389, '7', '12', '1', '40', '162', '7', 100, 1, '2021-06-06 09:39:57', '2021-06-06 09:39:57'),
(390, '2', '36', '4', '160', '161', '7', 101, 1, '2021-06-06 09:41:58', '2021-06-06 09:41:58'),
(391, '8', '3', '0', '141', '161', '7', 101, 1, '2021-06-06 09:41:58', '2021-06-06 09:41:58'),
(392, '13', '12', '1', '40', '161', '7', 101, 1, '2021-06-06 09:41:58', '2021-06-06 09:41:58'),
(393, '33', '12', '0', '49', '161', '7', 101, 1, '2021-06-06 09:41:58', '2021-06-06 09:41:58'),
(394, '30', '12', '0', '52', '161', '7', 101, 1, '2021-06-06 09:41:58', '2021-06-06 09:41:58'),
(395, '28', '12', '1', '162', '63', '7', 102, 1, '2021-06-06 09:44:08', '2021-06-06 09:44:08'),
(396, '76', '5', '0', '145', '63', '7', 102, 1, '2021-06-06 09:44:08', '2021-06-06 09:44:08'),
(397, '82', '1', '0', '121', '63', '7', 102, 1, '2021-06-06 09:44:08', '2021-06-06 09:44:08'),
(398, '61', '2', '0', '105', '63', '7', 102, 1, '2021-06-06 09:44:08', '2021-06-06 09:44:08'),
(399, '11', '3', '0', '113', '152', '7', 103, 1, '2021-06-06 09:46:10', '2021-06-06 09:46:10'),
(400, '12', '3', '0', '73', '152', '7', 103, 1, '2021-06-06 09:46:10', '2021-06-06 09:46:10'),
(401, '16', '2', '0', '121', '152', '7', 103, 1, '2021-06-06 09:46:10', '2021-06-06 09:46:10'),
(402, '28', '12', '1', '162', '160', '7', 104, 1, '2021-06-06 09:49:59', '2021-06-06 09:49:59'),
(403, '11', '3', '0', '113', '160', '7', 104, 1, '2021-06-06 09:49:59', '2021-06-06 09:49:59'),
(404, '13', '6', '0', '40', '160', '7', 104, 1, '2021-06-06 09:49:59', '2021-06-06 09:49:59'),
(405, '22', '12', '1', '49', '160', '7', 104, 1, '2021-06-06 09:49:59', '2021-06-06 09:49:59'),
(406, '28', '1', '0', '162', '82', '7', 105, 1, '2021-06-06 09:53:15', '2021-06-06 09:53:15'),
(407, '2', '12', '1', '160', '82', '7', 105, 1, '2021-06-06 09:53:15', '2021-06-06 09:53:15'),
(408, '76', '1', '0', '145', '82', '7', 105, 1, '2021-06-06 09:53:15', '2021-06-06 09:53:15'),
(409, '11', '4', '0', '113', '82', '7', 105, 1, '2021-06-06 09:53:15', '2021-06-06 09:53:15'),
(410, '123', '1', '0', '242', '82', '7', 105, 1, '2021-06-06 09:53:15', '2021-06-06 09:53:15'),
(411, '4', '3', '0', '49', '152', '7', 106, 1, '2021-06-06 09:56:05', '2021-06-06 09:56:05'),
(412, '7', '36', '4', '40', '152', '7', 106, 1, '2021-06-06 09:56:05', '2021-06-06 09:56:05'),
(413, '13', '36', '4', '40', '152', '7', 106, 1, '2021-06-06 09:56:05', '2021-06-06 09:56:05'),
(414, '22', '36', '4', '49', '152', '7', 106, 1, '2021-06-06 09:56:05', '2021-06-06 09:56:05'),
(415, '25', '1', '0', '121', '152', '7', 106, 1, '2021-06-06 09:56:05', '2021-06-06 09:56:05'),
(416, '7', '12', '1', '40', '18', '7', 107, 1, '2021-06-06 09:58:54', '2021-06-06 09:58:54'),
(417, '22', '12', '1', '49', '18', '7', 107, 1, '2021-06-06 09:58:54', '2021-06-06 09:58:54'),
(418, '2', '12', '1', '160', '154', '7', 108, 1, '2021-06-06 10:01:27', '2021-06-06 10:01:27'),
(419, '5', '12', '1', '105', '154', '7', 108, 1, '2021-06-06 10:01:27', '2021-06-06 10:01:27'),
(420, '7', '12', '1', '40', '154', '7', 108, 1, '2021-06-06 10:01:27', '2021-06-06 10:01:27'),
(421, '10', '3', '0', '52', '154', '7', 108, 1, '2021-06-06 10:01:27', '2021-06-06 10:01:27'),
(422, '76', '1', '0', '145', '154', '7', 108, 1, '2021-06-06 10:01:27', '2021-06-06 10:01:27'),
(423, '24', '3', '0', '57', '154', '7', 108, 1, '2021-06-06 10:01:27', '2021-06-06 10:01:27'),
(424, '29', '6', '0', '49', '151', '7', 109, 1, '2021-06-06 10:10:20', '2021-06-06 10:10:20'),
(425, '2', '36', '4', '160', '151', '7', 109, 1, '2021-06-06 10:10:20', '2021-06-06 10:10:20'),
(426, '7', '108', '12', '40', '151', '7', 109, 1, '2021-06-06 10:10:20', '2021-06-06 10:10:20'),
(427, '11', '2', '0', '113', '151', '7', 109, 1, '2021-06-06 10:10:20', '2021-06-06 10:10:20'),
(428, '13', '36', '4', '40', '151', '7', 109, 1, '2021-06-06 10:10:20', '2021-06-06 10:10:20'),
(429, '22', '36', '4', '49', '151', '7', 109, 1, '2021-06-06 10:10:20', '2021-06-06 10:10:20'),
(430, '34', '3', '0', '57', '151', '7', 109, 1, '2021-06-06 10:10:20', '2021-06-06 10:10:20'),
(431, '105', '1', '0', '198', '151', '7', 109, 1, '2021-06-06 10:10:20', '2021-06-06 10:10:20'),
(432, '61', '3', '0', '105', '151', '7', 109, 1, '2021-06-06 10:10:20', '2021-06-06 10:10:20'),
(433, '2', '72', '8', '160', '142', '7', 110, 1, '2021-06-06 10:10:47', '2021-06-06 10:10:47'),
(434, '7', '12', '1', '40', '102', '7', 111, 1, '2021-06-06 10:11:54', '2021-06-06 10:11:54'),
(435, '25', '2', '0', '121', '102', '7', 111, 1, '2021-06-06 10:11:54', '2021-06-06 10:11:54'),
(436, '34', '2', '0', '57', '102', '7', 111, 1, '2021-06-06 10:11:54', '2021-06-06 10:11:54'),
(437, '76', '2', '0', '145', '148', '7', 112, 1, '2021-06-06 10:13:20', '2021-06-06 10:13:20'),
(438, '123', '2', '0', '242', '148', '7', 112, 1, '2021-06-06 10:13:20', '2021-06-06 10:13:20'),
(439, '2', '12', '1', '160', '134', '7', 113, 1, '2021-06-06 10:14:15', '2021-06-06 10:14:15'),
(440, '28', '3', '0', '162', '227', '7', 114, 1, '2021-06-06 10:18:08', '2021-06-06 10:18:08'),
(441, '2', '12', '1', '160', '227', '7', 114, 1, '2021-06-06 10:18:08', '2021-06-06 10:18:08'),
(442, '6', '5', '0', '69', '227', '7', 114, 1, '2021-06-06 10:18:08', '2021-06-06 10:18:08'),
(443, '13', '24', '2', '40', '227', '7', 114, 1, '2021-06-06 10:18:08', '2021-06-06 10:18:08'),
(444, '16', '1', '0', '121', '227', '7', 114, 1, '2021-06-06 10:18:08', '2021-06-06 10:18:08'),
(445, '27', '2', '0', '49', '227', '7', 114, 1, '2021-06-06 10:18:08', '2021-06-06 10:18:08'),
(446, '123', '1', '0', '242', '227', '7', 114, 1, '2021-06-06 10:18:08', '2021-06-06 10:18:08'),
(447, '13', '12', '1', '40', '179', '7', 115, 1, '2021-06-06 10:19:53', '2021-06-06 10:19:53'),
(448, '30', '12', '0', '52', '179', '7', 115, 1, '2021-06-06 10:19:53', '2021-06-06 10:19:53'),
(449, '2', '12', '1', '160', '149', '7', 116, 1, '2021-06-06 10:21:33', '2021-06-06 10:21:33'),
(450, '7', '12', '1', '40', '149', '7', 116, 1, '2021-06-06 10:21:33', '2021-06-06 10:21:33'),
(451, '76', '3', '0', '145', '149', '7', 116, 1, '2021-06-06 10:21:33', '2021-06-06 10:21:33'),
(452, '2', '36', '4', '160', '262', '7', 117, 1, '2021-06-06 10:22:48', '2021-06-06 10:22:48'),
(453, '28', '2', '0', '162', '246', '7', 118, 1, '2021-06-06 10:27:28', '2021-06-06 10:27:28'),
(454, '29', '2', '0', '49', '246', '7', 118, 1, '2021-06-06 10:27:28', '2021-06-06 10:27:28'),
(455, '5', '2', '0', '105', '246', '7', 118, 1, '2021-06-06 10:27:28', '2021-06-06 10:27:28'),
(456, '10', '6', '0', '52', '246', '7', 118, 1, '2021-06-06 10:27:28', '2021-06-06 10:27:28'),
(457, '13', '12', '1', '40', '246', '7', 118, 1, '2021-06-06 10:27:28', '2021-06-06 10:27:28'),
(458, '58', '2', '0', '162', '246', '7', 118, 1, '2021-06-06 10:27:28', '2021-06-06 10:27:28'),
(459, '62', '3', '0', '49', '246', '7', 118, 1, '2021-06-06 10:27:28', '2021-06-06 10:27:28'),
(460, '28', '12', '1', '162', '74', '7', 119, 1, '2021-06-06 10:29:32', '2021-06-06 10:29:32'),
(461, '76', '2', '0', '145', '74', '7', 119, 1, '2021-06-06 10:29:32', '2021-06-06 10:29:32'),
(462, '7', '12', '1', '40', '150', '7', 120, 1, '2021-06-06 10:30:56', '2021-06-06 10:30:56'),
(463, '34', '3', '0', '57', '150', '7', 120, 1, '2021-06-06 10:30:56', '2021-06-06 10:30:56'),
(464, '28', '36', '4', '162', '122', '7', 121, 1, '2021-06-06 10:31:22', '2021-06-06 10:31:22'),
(465, '28', '36', '4', '162', '141', '7', 122, 1, '2021-06-06 10:32:14', '2021-06-06 10:32:14'),
(466, '27', '12', '0', '49', '141', '7', 122, 1, '2021-06-06 10:32:14', '2021-06-06 10:32:14'),
(467, '28', '4', '0', '162', '8', '7', 123, 1, '2021-06-07 01:10:46', '2021-06-07 01:10:46'),
(468, '2', '4', '0', '160', '8', '7', 123, 1, '2021-06-07 01:10:46', '2021-06-07 01:10:46'),
(469, '7', '4', '0', '40', '8', '7', 123, 1, '2021-06-07 01:10:46', '2021-06-07 01:10:46'),
(470, '14', '10', '0', '113', '49', '6', 124, 1, '2021-06-15 11:05:44', '2021-06-15 11:05:44'),
(471, '28', '1', '0', '162', '49', '6', 124, 1, '2021-06-15 11:05:44', '2021-06-15 11:05:44'),
(472, '173', '1', '0', '162', '49', '6', 124, 1, '2021-06-15 11:05:44', '2021-06-15 11:05:44');

-- --------------------------------------------------------

--
-- Table structure for table `loginlogs`
--

CREATE TABLE `loginlogs` (
  `id` bigint(20) UNSIGNED NOT NULL,
  `last_login_at` datetime DEFAULT NULL,
  `last_login_ip` varchar(255) COLLATE utf8mb4_unicode_ci DEFAULT NULL,
  `created_at` timestamp NULL DEFAULT NULL,
  `updated_at` timestamp NULL DEFAULT NULL
) ENGINE=InnoDB DEFAULT CHARSET=utf8mb4 COLLATE=utf8mb4_unicode_ci;

--
-- Dumping data for table `loginlogs`
--

INSERT INTO `loginlogs` (`id`, `last_login_at`, `last_login_ip`, `created_at`, `updated_at`) VALUES
(13, '2021-05-29 08:10:02', '27.147.243.150', NULL, NULL),
(14, '2021-05-30 06:40:16', '103.161.152.29', NULL, NULL),
(15, '2021-06-03 06:02:58', '103.161.152.21', NULL, NULL),
(16, '2021-06-03 06:21:02', '103.137.72.166', NULL, NULL),
(17, '2021-06-03 07:59:28', '58.145.189.227', NULL, NULL),
(18, '2021-06-03 11:33:24', '103.137.72.166', NULL, NULL),
(19, '2021-06-03 14:01:51', '103.161.152.194', NULL, NULL),
(20, '2021-06-05 05:38:03', '103.161.152.21', NULL, NULL),
(21, '2021-06-05 09:51:17', '103.161.152.195', NULL, NULL),
(22, '2021-06-05 14:22:37', '103.161.152.21', NULL, NULL),
(23, '2021-06-06 11:27:53', '103.161.152.195', NULL, NULL),
(24, '2021-06-07 06:39:23', '103.161.152.21', NULL, NULL),
(25, '2021-06-07 08:04:49', '103.137.72.166', NULL, NULL),
(26, '2021-06-07 08:59:49', '58.145.189.225', NULL, NULL),
(27, '2021-06-15 17:04:24', '127.0.0.1', NULL, NULL),
(28, '2021-07-03 15:06:58', '127.0.0.1', NULL, NULL),
(29, '2021-07-03 15:19:19', '127.0.0.1', NULL, NULL),
(30, '2021-07-04 14:36:14', '127.0.0.1', NULL, NULL),
(31, '2021-10-23 04:26:40', '127.0.0.1', NULL, NULL),
(32, '2021-10-23 13:41:38', '127.0.0.1', NULL, NULL);

-- --------------------------------------------------------

--
-- Table structure for table `medicines`
--

CREATE TABLE `medicines` (
  `id` bigint(20) UNSIGNED NOT NULL,
  `name` varchar(255) COLLATE utf8mb4_unicode_ci NOT NULL,
  `packing` varchar(255) COLLATE utf8mb4_unicode_ci NOT NULL,
  `size` varchar(255) COLLATE utf8mb4_unicode_ci NOT NULL,
  `price` varchar(255) COLLATE utf8mb4_unicode_ci NOT NULL,
  `created_at` timestamp NULL DEFAULT NULL,
  `updated_at` timestamp NULL DEFAULT NULL
) ENGINE=InnoDB DEFAULT CHARSET=utf8mb4 COLLATE=utf8mb4_unicode_ci;

--
-- Dumping data for table `medicines`
--

INSERT INTO `medicines` (`id`, `name`, `packing`, `size`, `price`, `created_at`, `updated_at`) VALUES
(2, 'সিনকারা', '450', 'মি.লি', '160', '2021-05-24 22:10:00', '2021-05-24 22:10:00'),
(3, 'সিনকারা', '225', 'মি.লি', '97', '2021-05-25 22:10:00', '2021-05-24 00:06:35'),
(4, 'সিনকারা', '100', 'মি.লি', '49', '2021-05-26 22:10:00', '2021-05-26 22:10:00'),
(5, 'কারমিনা', '450', 'মি.লি', '105', '2021-05-27 22:10:00', '2021-05-27 22:10:00'),
(6, 'কারমিনা', '225', 'মি.লি', '69', '2021-05-28 22:10:00', '2021-05-28 22:10:00'),
(7, 'কারমিনা', '100', 'মি.লি', '40', '2021-05-29 22:10:00', '2021-05-29 22:10:00'),
(8, 'ছাফী', '450', 'মি.লি', '141', '2021-05-30 22:10:00', '2021-05-30 22:10:00'),
(9, 'ছাফী', '225', 'মি.লি', '97', '2021-05-31 22:10:00', '2021-05-31 22:10:00'),
(10, 'ছাফী', '100', 'মি.লি', '52', '2021-06-01 22:10:00', '2021-06-01 22:10:00'),
(11, 'এ্যালকুলী', '450', 'মি.লি', '113', '2021-06-02 22:10:00', '2021-06-02 22:10:00'),
(12, 'এ্যালকুলী', '225', 'মি.লি', '73', '2021-06-03 22:10:00', '2021-06-03 22:10:00'),
(13, 'এ্যালকুলী', '100', 'মি.লি', '40', '2021-06-04 22:10:00', '2021-06-04 22:10:00'),
(14, 'অরেন্জিন', '450', 'মি.লি', '113', '2021-06-05 22:10:00', '2021-06-05 22:10:00'),
(15, 'অরেন্জিন', '100', 'মি.লি', '40', '2021-06-06 22:10:00', '2021-06-06 22:10:00'),
(16, 'ইকটার্ণ', '450', 'মি.লি', '121', '2021-06-07 22:10:00', '2021-06-07 22:10:00'),
(17, 'ইকটার্ণ', '225', 'মি.লি', '81', '2021-06-08 22:10:00', '2021-06-08 22:10:00'),
(18, 'ইকটার্ণ', '100', 'মি.লি', '49', '2021-06-09 22:10:00', '2021-06-09 22:10:00'),
(19, 'জিনসেন্ট', '450', 'মি.লি', '194', '2021-06-10 22:10:00', '2021-06-10 22:10:00'),
(20, 'জিনসেন্ট', '225', 'মি.লি', '121', '2021-06-11 22:10:00', '2021-06-11 22:10:00'),
(21, 'জিনসেন্ট', '100', 'মি.লি', '65', '2021-06-12 22:10:00', '2021-05-25 23:57:01'),
(22, 'নওনেহাল', '100', 'মি.লি', '49', '2021-06-13 22:10:00', '2021-06-13 22:10:00'),
(23, 'এলভাসিন', '225', 'মি.লি', '113', '2021-06-14 22:10:00', '2021-06-14 22:10:00'),
(24, 'এলভাসিন', '100', 'মি.লি', '57', '2021-06-15 22:10:00', '2021-06-15 22:10:00'),
(25, 'মাস্তুরীন', '450', 'মি.লি', '121', '2021-06-16 22:10:00', '2021-05-25 23:58:34'),
(26, 'মাস্তুরীন', '225', 'মি.লি', '81', '2021-06-17 22:10:00', '2021-05-25 23:58:44'),
(27, 'মাস্তুরীন', '100', 'মি.লি', '49', '2021-06-18 22:10:00', '2021-05-25 23:58:51'),
(28, 'আপেলিন', '450', 'মি.লি', '162', '2021-06-19 22:10:00', '2021-05-24 23:45:44'),
(29, 'আপেলিন', '100', 'মি.লি', '49', '2021-06-20 22:10:00', '2021-06-20 22:10:00'),
(30, 'হামদার্দ বাসক', '100', 'মি.লি', '52', '2021-06-21 22:10:00', '2021-06-21 22:10:00'),
(31, 'মাারবেলাস', '225', 'মি.লি', '81', '2021-06-22 22:10:00', '2021-06-22 22:10:00'),
(32, 'মাারবেলাস', '100', 'মি.লি', '49', '2021-06-23 22:10:00', '2021-06-23 22:10:00'),
(33, 'সাদুরী', '100', 'মি.লি', '49', '2021-06-24 22:10:00', '2021-06-24 22:10:00'),
(34, 'জারনাইড', '100', 'মি.লি', '57', '2021-06-25 22:10:00', '2021-06-25 22:10:00'),
(35, 'ফেভনিল', '100', 'মি.লি', '57', '2021-06-26 22:10:00', '2021-06-26 22:10:00'),
(36, 'কুলজম', '15', 'মি.লি', '57', '2021-06-27 22:10:00', '2021-05-26 00:00:50'),
(37, 'হাামদার্দ আমলা', '130', 'মি.লি', '162', '2021-06-28 22:10:00', '2021-05-26 00:25:32'),
(38, 'আরক আজওয়াইন', '450', 'মি.লি', '81', '2021-06-29 22:10:00', '2021-06-29 22:10:00'),
(39, 'পেনিটোন', '15', 'মি.লি', '162', '2021-06-30 22:10:00', '2021-05-26 00:25:05'),
(40, 'পেনিটোন ওয়েনমেন্ট', '20', 'গ্রাম', '162', '2021-07-01 22:10:00', '2021-05-26 00:25:12'),
(41, 'আরক বাদিয়ান', '450', 'মি.লি', '89', '2021-07-02 22:10:00', '2021-07-02 22:10:00'),
(42, 'আরক ফাওলিন', '450', 'মি.লি', '113', '2021-07-03 22:10:00', '2021-07-03 22:10:00'),
(43, 'আরক গাওজাবান', '450', 'মি.লি', '121', '2021-07-04 22:10:00', '2021-07-04 22:10:00'),
(44, 'আরক মাকু', '450', 'মি.লি', '97', '2021-07-05 22:10:00', '2021-07-05 22:10:00'),
(45, 'আরক মাাউল-হায়াত', '450', 'মি.লি', '145', '2021-07-06 22:10:00', '2021-07-06 22:10:00'),
(46, 'আরক মাউল্লাহাম', '225', 'মি.লি', '97', '2021-07-07 22:10:00', '2021-07-07 22:10:00'),
(47, 'আরক পুদিনা', '450', 'মি.লি', '81', '2021-07-08 22:10:00', '2021-07-08 22:10:00'),
(48, 'আরক অশ্বগন্ধা', '450', 'মি.লি', '97', '2021-07-09 22:10:00', '2021-07-09 22:10:00'),
(49, 'রওগন সূর্খ', '10', 'মি.লি', '40', '2021-07-10 22:10:00', '2021-07-10 22:10:00'),
(50, 'নীলূফর', '225', 'মি.লি', '57', '2021-07-11 22:10:00', '2021-07-11 22:10:00'),
(51, 'জাবীন ( সেকাঞ্জাবীন বুযুরী)', '225', 'মি.লি', '113', '2021-07-12 22:10:00', '2021-07-12 22:10:00'),
(52, 'সিরাপ ওশবা', '225', 'মি.লি', '65', '2021-07-13 22:10:00', '2021-07-13 22:10:00'),
(53, 'সিরাপ হলার‌্যান্ট', '225', 'মি.লি', '89', '2021-07-14 22:10:00', '2021-05-26 00:02:56'),
(54, 'সিরাপ হলার‌্যান্ট', '100', 'মি.লি', '49', '2021-07-15 22:10:00', '2021-05-26 00:03:08'),
(55, 'এন্টিফেজ', '450', 'মি.লি', '121', '2021-07-16 22:10:00', '2021-07-16 22:10:00'),
(56, 'লিভারিষ্ঠ', '450', 'মি.লি', '121', '2021-07-17 22:10:00', '2021-07-17 22:10:00'),
(57, 'সুডিস', '450', 'মি.লি', '121', '2021-07-18 22:10:00', '2021-05-26 00:16:40'),
(58, 'ভাইটোরিস্ট', '450', 'মি.লি', '162', '2021-07-19 22:10:00', '2021-05-26 00:18:22'),
(59, 'ও কেয়ার', '450', 'মি.লি', '121', '2021-07-20 22:10:00', '2021-07-20 22:10:00'),
(60, 'নারভোনিক', '450', 'মি.লি', '162', '2021-07-21 22:10:00', '2021-05-26 00:20:19'),
(61, 'মধূ', '80', 'মি.লি', '105', '2021-07-22 22:10:00', '2021-07-22 22:10:00'),
(62, 'ভাইটোরিস্ট', '100', 'মি.লি', '49', '2021-07-23 22:10:00', '2021-05-26 00:21:02'),
(63, 'সেনচুরিন', '50', 'মি.লি', '178', '2021-07-24 22:10:00', '2021-07-24 22:10:00'),
(64, 'ফ্রোডেক্স', '10*2', 'ট্যাবলেট', '686', '2021-07-25 22:10:00', '2021-07-25 22:10:00'),
(65, 'এনডিউরেক্স', '4*5', 'ক্যাপসুল', '969', '2021-07-26 22:10:00', '2021-05-26 00:29:59'),
(66, 'লিবিডেক্স', '4*5', 'ক্যাপসুল', '525', '2021-07-27 22:10:00', '2021-07-27 22:10:00'),
(67, 'ট্রাইগন', '4*2', 'ট্যাবলেট', '452', '2021-07-28 22:10:00', '2021-07-28 22:10:00'),
(68, 'ট্রাইগন', '4*2', 'ক্যাপসুল', '452', '2021-07-29 22:10:00', '2021-07-29 22:10:00'),
(69, 'সুপাত', '6*5', 'ক্যাপসুল', '121', '2021-07-30 22:10:00', '2021-07-30 22:10:00'),
(70, 'মাসুখ (ছুদা)', '6*5', 'ক্যাপসুল', '170', '2021-07-31 22:10:00', '2021-07-31 22:10:00'),
(71, 'জিগারীন', '6*5', 'ক্যাপসুল', '194', '2021-08-01 22:10:00', '2021-08-01 22:10:00'),
(72, 'সুভিট (হায়াতীন মরাক্কাব)', '30', 'ট্যাবলেট', '194', '2021-08-02 22:10:00', '2021-08-02 22:10:00'),
(73, 'নিউটন', '4*2', 'ট্যাবলেট', '484', '2021-08-03 22:10:00', '2021-08-03 22:10:00'),
(74, 'নিশাত', '10*5', 'ট্যাবলেট', '929', '2021-08-04 22:10:00', '2021-08-04 22:10:00'),
(75, 'কারমিনাা', '60', 'ট্যাবলেট', '69', '2021-08-05 22:10:00', '2021-08-05 22:10:00'),
(76, 'ছাফী', '5*6', 'ক্যাপসুল', '145', '2021-08-06 22:10:00', '2021-08-06 22:10:00'),
(77, 'ডিসনি (পেচীশ)', '5*10', 'ট্যাবলেট', '121', '2021-08-07 22:10:00', '2021-08-07 22:10:00'),
(78, 'আলিসা ( গার্লিক)', '5*10', 'ট্যাবলেট', '81', '2021-08-08 22:10:00', '2021-08-08 22:10:00'),
(79, 'সুয়ালিন', '10*10', 'ট্যাবলেট', '202', '2021-08-09 22:10:00', '2021-05-26 00:31:42'),
(80, 'সুরবিন ( সুরাঞ্জান)', '5*10', 'ট্যাবলেট', '121', '2021-08-10 22:10:00', '2021-08-10 22:10:00'),
(81, 'নরমাটেনসিন', '5*10', 'ট্যাবলেট', '121', '2021-08-11 22:10:00', '2021-08-11 22:10:00'),
(82, 'দোলাবী', '5*10', 'ট্যাবলেট', '121', '2021-08-12 22:10:00', '2021-08-12 22:10:00'),
(83, 'সূজার্ণ (সূজাক)', '5*10', 'ট্যাবলেট', '121', '2021-08-13 22:10:00', '2021-08-13 22:10:00'),
(84, 'নারভেেন্ট (জাদওয়ার)', '5*10', 'ট্যাবলেট', '807', '2021-08-14 22:10:00', '2021-08-14 22:10:00'),
(85, 'হ্যানরয়েড ( বাওয়াসির বাদী)', '5*10', 'ট্যাবলেট', '121', '2021-08-15 22:10:00', '2021-08-15 22:10:00'),
(86, 'হ্যানরয়েড-বি ( বাওয়াসির দমভী)', '5*10', 'ট্যাবলেট', '121', '2021-08-16 22:10:00', '2021-08-16 22:10:00'),
(87, 'সেলভিন (সালাজিত)', '5*10', 'ট্যাবলেট', '162', '2021-08-17 22:10:00', '2021-05-26 00:25:52'),
(88, 'ইনস্পার্ম (এসপন্দ)', '5*10', 'ট্যাবলেট', '121', '2021-08-18 22:10:00', '2021-08-18 22:10:00'),
(89, 'পিবলিউ (বন্দেশ)', '5*10', 'ট্যাবলেট', '81', '2021-08-19 22:10:00', '2021-08-19 22:10:00'),
(90, 'ক্যালরিপ (মারওয়ারিদ)', '5*11', 'ট্যাবলেট', '888', '2021-08-20 22:10:00', '2021-08-20 22:10:00'),
(91, 'স্পার্মাটিন (কুশতা কালাই)', '5*18', 'ট্যাবলেট', '145', '2021-08-21 22:10:00', '2021-08-21 22:10:00'),
(92, 'প্রমেফ (মুদির)', '5*10', 'ট্যাবলেট', '202', '2021-08-22 22:10:00', '2021-08-22 22:10:00'),
(93, 'হামদার্দ বাম', '20', 'ট্যাবলেট', '81', '2021-08-23 22:10:00', '2021-08-23 22:10:00'),
(94, 'ক্যাপসুল মাসুক', '5*6', 'ট্যাবলেট', '170', '2021-08-24 22:10:00', '2021-05-26 00:33:34'),
(95, 'টোনাল্যাক্স (মুলায়েন)', '5*10', 'ট্যাবলেট', '121', '2021-08-25 22:10:00', '2021-08-25 22:10:00'),
(96, 'হান্টার (রাল)', '5*11', 'ট্যাবলেট', '81', '2021-08-26 22:10:00', '2021-08-26 22:10:00'),
(97, 'হারমিন (রেহমিন)', '5*12', 'ট্যাবলেট', '282', '2021-08-27 22:10:00', '2021-08-27 22:10:00'),
(98, 'হ্যানপি (শেফা)', '5*13', 'ট্যাবলেট', '81', '2021-08-28 22:10:00', '2021-08-28 22:10:00'),
(99, 'হাল্যাক্স (তিনকার)', '5*14', 'ট্যাবলেট', '81', '2021-08-29 22:10:00', '2021-08-29 22:10:00'),
(100, 'রসনাম', '5*15', 'ট্যাবলেট', '121', '2021-08-30 22:10:00', '2021-08-30 22:10:00'),
(101, 'রেডিড (রুবার্ব)', '10*10', 'ট্যাবলেট', '121', '2021-08-31 22:10:00', '2021-08-31 22:10:00'),
(102, 'এন্টিলিগো (বরসিনা)', '5*10', 'ক্যাপসুল', '121', '2021-09-01 22:10:00', '2021-09-01 22:10:00'),
(103, 'হেপালজিন (কাবেদ নৌশাদরী)', '10*10', 'ট্যাবলেট', '162', '2021-09-02 22:10:00', '2021-05-26 00:26:09'),
(104, 'এজারড (তাবখির)', '5*10', 'ক্যাপসুল', '121', '2021-09-03 22:10:00', '2021-09-03 22:10:00'),
(105, 'লিভেক', '6*5', 'ক্যাপসুল', '198', '2021-09-04 22:10:00', '2021-09-04 22:10:00'),
(106, 'কোবি (৬০ মিগ্রা)', '6*5', 'ক্যাপসুল', '170', '2021-09-05 22:10:00', '2021-09-05 22:10:00'),
(107, 'কোবি (৪০ মিগ্রা)', '6*5', 'ক্যাপসুল', '145', '2021-09-06 22:10:00', '2021-09-06 22:10:00'),
(108, 'লেডিকা', '6*6', 'ক্যাপসুল', '145', '2021-09-07 22:10:00', '2021-09-07 22:10:00'),
(109, 'জিনটোন', '6*7', 'ক্যাপসুল', '291', '2021-09-08 22:10:00', '2021-09-08 22:10:00'),
(110, 'জনর্ট', '6*8', 'ক্যাপসুল', '170', '2021-09-09 22:10:00', '2021-09-09 22:10:00'),
(111, 'লিনা (২৫০ গ্রাম)', '6*9', 'ক্যাপসুল', '145', '2021-09-10 22:10:00', '2021-09-10 22:10:00'),
(112, 'লিনা (৫০০ গ্রাম)', '6*10', 'ক্যাপসুল', '194', '2021-09-11 22:10:00', '2021-09-11 22:10:00'),
(113, 'নিমুলেন্ট', '6*11', 'ক্যাপসুল', '194', '2021-09-12 22:10:00', '2021-09-12 22:10:00'),
(114, 'পামেট', '6*12', 'ক্যাপসুল', '194', '2021-09-13 22:10:00', '2021-09-13 22:10:00'),
(115, 'ভেলেন্ট', '6*13', 'ক্যাপসুল', '242', '2021-09-14 22:10:00', '2021-09-14 22:10:00'),
(116, 'জোশিনা', '25', 'স্যাচেট', '262', '2021-09-15 22:10:00', '2021-09-15 22:10:00'),
(117, 'ইন্দেমালী', '20', 'স্যাচেট', '307', '2021-09-16 22:10:00', '2021-05-26 00:35:56'),
(118, 'মাজুন মুগাল্লিজ', '100', 'গ্রাম', '137', '2021-09-17 22:10:00', '2021-09-17 22:10:00'),
(119, 'মাজুুন আরদে খুরমা', '100', 'গ্রাম', '105', '2021-09-18 22:10:00', '2021-09-18 22:10:00'),
(120, 'চ্যবনপ্রাশ', '500', 'গ্রাম', '363', '2021-09-19 22:10:00', '2021-09-19 22:10:00'),
(121, 'চ্যবনপ্রাশ', '250', 'গ্রাম', '202', '2021-09-20 22:10:00', '2021-09-20 22:10:00'),
(122, 'ত্রিফলা চূর্ণ', '25', 'স্যাচেট', '182', '2021-09-21 22:10:00', '2021-09-21 22:10:00'),
(123, 'ইস্‌পাগুল', '25', 'স্যাচেট', '242', '2021-09-22 22:10:00', '2021-05-26 00:40:52'),
(124, 'দন্তরক্ষা', '50', 'গ্রাম', '52', '2021-09-23 22:10:00', '2021-09-23 22:10:00'),
(125, 'সুফূফ সুপারিপাক', '50', 'গ্রাম', '81', '2021-09-24 22:10:00', '2021-09-24 22:10:00'),
(126, 'মা’জুন মুমসিক', '100', 'গ্রাম', '464', '2021-09-25 22:10:00', '2021-09-25 22:10:00'),
(127, 'মা’জুুন ফালাসেফা', '100', 'গ্রাম', '97', '2021-09-26 22:10:00', '2021-09-26 22:10:00'),
(128, 'জাওয়ারিশ আমলা', '100', 'গ্রাম', '97', '2021-09-27 22:10:00', '2021-09-27 22:10:00'),
(129, 'জাওয়ারিশ বিসবাসা', '100', 'গ্রাম', '105', '2021-09-28 22:10:00', '2021-09-28 22:10:00'),
(130, 'জাওয়ারিশ জালিনুস', '100', 'গ্রাম', '210', '2021-09-29 22:10:00', '2021-09-29 22:10:00'),
(131, 'জাওয়ারিশ যরউনী', '100', 'গ্রাম', '186', '2021-09-30 22:10:00', '2021-09-30 22:10:00'),
(132, 'জাওয়ারিশ কমূনী', '100', 'গ্রাম', '89', '2021-10-01 22:10:00', '2021-10-01 22:10:00'),
(133, 'জাওয়ারিশ মুছতগী', '80', 'গ্রাম', '194', '2021-10-02 22:10:00', '2021-10-02 22:10:00'),
(134, 'জাওয়ারিশ শাহী', '100', 'গ্রাম', '73', '2021-10-03 22:10:00', '2021-10-03 22:10:00'),
(135, 'জাওয়ারিশ তমরহিন্দী', '100', 'গ্রাম', '105', '2021-10-04 22:10:00', '2021-10-04 22:10:00'),
(136, 'খামিরা আবরেশম', '80', 'গ্রাম', '137', '2021-10-05 22:10:00', '2021-10-05 22:10:00'),
(137, 'খাামিরা গাওজবান আম্বরী', '80', 'গ্রাম', '444', '2021-10-06 22:10:00', '2021-10-06 22:10:00'),
(138, 'খামিিরা গাওজবান', '80', 'গ্রাম', '113', '2021-10-07 22:10:00', '2021-10-07 22:10:00'),
(139, 'খামিরা মারওয়ারীদ', '80', 'গ্রাম', '113', '2021-10-08 22:10:00', '2021-10-08 22:10:00'),
(140, 'লউক সাপেস্তান', '100', 'গ্রাম', '97', '2021-10-09 22:10:00', '2021-10-09 22:10:00'),
(141, 'মা’জুন চুবচীনী', '100', 'গ্রাম', '105', '2021-10-10 22:10:00', '2021-10-10 22:10:00'),
(142, 'মা’জুন দবীদুল ওয়ার্দ', '80', 'গ্রাম', '178', '2021-10-11 22:10:00', '2021-10-11 22:10:00'),
(143, 'মা’জুন কুন্দর', '100', 'গ্রাম', '89', '2021-10-12 22:10:00', '2021-10-12 22:10:00'),
(144, 'মা’জুন লানা', '100', 'গ্রাম', '646', '2021-10-13 22:10:00', '2021-10-13 22:10:00'),
(145, 'মা’জুন সোহাগশৃঁঠ', '100', 'গ্রাম', '97', '2021-10-14 22:10:00', '2021-10-14 22:10:00'),
(146, 'মা’জুন সুরঞ্জান', '100', 'গ্রাম', '89', '2021-10-15 22:10:00', '2021-10-15 22:10:00'),
(147, 'মা’জুন ওশবা', '100', 'গ্রাম', '81', '2021-10-16 22:10:00', '2021-10-16 22:10:00'),
(148, 'লিকুরিন', '100', 'গ্রাম', '73', '2021-10-17 22:10:00', '2021-10-17 22:10:00'),
(149, 'এত্রিফল বাদিয়ান', '100', 'গ্রাম', '57', '2021-10-18 22:10:00', '2021-10-18 22:10:00'),
(150, 'এত্রিফল কাশৃনীযী', '100', 'গ্রাম', '57', '2021-10-19 22:10:00', '2021-10-19 22:10:00'),
(151, 'এত্রিফল কবীর', '100', 'গ্রাম', '89', '2021-10-20 22:10:00', '2021-05-26 00:44:11'),
(152, 'এত্রিফল শাহতারা', '100', 'গ্রাম', '81', '2021-10-21 22:10:00', '2021-10-21 22:10:00'),
(153, 'এত্রিফল যমানী', '100', 'গ্রাম', '97', '2021-10-22 22:10:00', '2021-10-22 22:10:00'),
(154, 'এত্রিফল উসৃতূখূদূস', '100', 'গ্রাম', '97', '2021-10-23 22:10:00', '2021-10-23 22:10:00'),
(155, 'লুবূব কবীর', '100', 'গ্রাম', '606', '2021-10-24 22:10:00', '2021-10-24 22:10:00'),
(156, 'লুবূব কবীর (সুগার ফ্রি)', '100', 'গ্রাম', '727', '2021-10-25 22:10:00', '2021-10-25 22:10:00'),
(157, 'সফূফ জিরিয়ান', '50', 'গ্রাম', '73', '2021-10-26 22:10:00', '2021-10-26 22:10:00'),
(158, 'সফূফ মোগাল্লিয', '50', 'গ্রাম', '57', '2021-10-27 22:10:00', '2021-10-27 22:10:00'),
(159, 'সফূফ মোইয়া', '50', 'গ্রাম', '162', '2021-10-28 22:10:00', '2021-05-26 00:26:49'),
(160, 'নিমুক সোলায়মানী', '50', 'গ্রাম', '73', '2021-10-29 22:10:00', '2021-10-29 22:10:00'),
(161, 'কারহিন', '50', 'গ্রাম', '384', '2021-10-30 22:10:00', '2021-10-30 22:10:00'),
(162, 'সফূফ সুসী', '35', 'গ্রাম', '57', '2021-10-31 22:10:00', '2021-10-31 22:10:00'),
(163, 'সফূফ ছুদা', '50', 'গ্রাম', '153', '2021-11-01 22:10:00', '2021-11-01 22:10:00'),
(164, 'সফূফ মুসাক্কিন (জ, ওয়াই এইচ, বি)', '12', 'গ্রাম', '28', '2021-11-02 22:10:00', '2021-11-02 22:10:00'),
(165, 'ডারমেইড (মরহম খারিশ)', '20', 'গ্রাম', '57', '2021-11-03 22:10:00', '2021-11-03 22:10:00'),
(166, 'সফূফ ছুন্দল (খিশান্দা কে-৩)', '12', 'গ্রাম', '28', '2021-11-04 22:10:00', '2021-11-04 22:10:00'),
(167, 'সফুফ সত্তে গেলু (জে, এইচ, এস, আর)', '12', 'গ্রাম', '36', '2021-11-05 22:10:00', '2021-11-05 22:10:00'),
(168, 'সুফূফ সুুরঞ্জানদ ( জোশান্দা-জে-৩)', '12', 'গ্রাম', '32', '2021-11-06 22:10:00', '2021-11-06 22:10:00'),
(169, 'সুফুফ মুসহিল (জাশান্দা -জে-২)', '12', 'গ্রাম', '32', '2021-11-07 22:10:00', '2021-11-07 22:10:00'),
(170, 'সুফুফ ইদরার (খিশান্দা-কে-১)', '12', 'গ্রাম', '52', '2021-11-08 22:10:00', '2021-11-08 22:10:00'),
(171, 'সফুঅ জিগার ( জ, এইচ, এস)', '12', 'গ্রাম', '36', '2021-11-09 22:10:00', '2021-11-09 22:10:00'),
(172, 'জিমাদ একজিমা', '10', 'গ্রাম', '32', '2021-11-10 22:10:00', '2021-11-10 22:10:00'),
(173, 'আপেলিন', '450', 'মি.লি', '162', '2021-06-03 00:20:29', '2021-06-03 00:20:29'),
(174, 'HP Laptop', '10', 'Box', '30000', '2021-10-23 06:46:13', '2021-10-23 06:46:13');

-- --------------------------------------------------------

--
-- Table structure for table `migrations`
--

CREATE TABLE `migrations` (
  `id` int(10) UNSIGNED NOT NULL,
  `migration` varchar(255) COLLATE utf8mb4_unicode_ci NOT NULL,
  `batch` int(11) NOT NULL
) ENGINE=InnoDB DEFAULT CHARSET=utf8mb4 COLLATE=utf8mb4_unicode_ci;

--
-- Dumping data for table `migrations`
--

INSERT INTO `migrations` (`id`, `migration`, `batch`) VALUES
(1, '2014_10_12_000000_create_users_table', 1),
(2, '2014_10_12_100000_create_password_resets_table', 1),
(3, '2019_08_19_000000_create_failed_jobs_table', 1),
(4, '2021_05_11_183502_create_customers_table', 2),
(5, '2021_05_11_192725_remove_email_from_customers', 3),
(6, '2021_05_11_193216_add_address_to_customers_table', 4),
(7, '2021_05_13_162605_create_medicines_table', 5),
(8, '2021_05_16_113223_create_sells_table', 6),
(9, '2021_05_16_113401_create_invoices_table', 6),
(10, '2021_05_21_174808_add_login_fields_to_users_table', 7),
(11, '2021_05_22_175442_create_loginlogs_table', 8);

-- --------------------------------------------------------

--
-- Table structure for table `password_resets`
--

CREATE TABLE `password_resets` (
  `email` varchar(255) COLLATE utf8mb4_unicode_ci NOT NULL,
  `token` varchar(255) COLLATE utf8mb4_unicode_ci NOT NULL,
  `created_at` timestamp NULL DEFAULT NULL
) ENGINE=InnoDB DEFAULT CHARSET=utf8mb4 COLLATE=utf8mb4_unicode_ci;

--
-- Dumping data for table `password_resets`
--

INSERT INTO `password_resets` (`email`, `token`, `created_at`) VALUES
('admin@msmonistore.com', '$2y$10$3zRryvVJaVJqxRGn9QOPHusg8VGkWgWpqnrr1YdzW0b0H/0Gf3G62', '2021-05-23 12:04:00');

-- --------------------------------------------------------

--
-- Table structure for table `representatives`
--

CREATE TABLE `representatives` (
  `id` bigint(20) UNSIGNED NOT NULL,
  `name` varchar(255) COLLATE utf8mb4_unicode_ci NOT NULL,
  `phone` varchar(255) COLLATE utf8mb4_unicode_ci NOT NULL,
  `zone` varchar(255) COLLATE utf8mb4_unicode_ci NOT NULL,
  `created_at` timestamp NULL DEFAULT NULL,
  `updated_at` timestamp NULL DEFAULT NULL
) ENGINE=InnoDB DEFAULT CHARSET=utf8mb4 COLLATE=utf8mb4_unicode_ci;

--
-- Dumping data for table `representatives`
--

INSERT INTO `representatives` (`id`, `name`, `phone`, `zone`, `created_at`, `updated_at`) VALUES
(5, 'মোঃ মোরশেদ আলম (B.M)', '01313781081', 'জোন', '2021-05-29 01:58:40', '2021-05-29 01:58:40'),
(6, 'মোঃ ফখরুল ইসলাম (M.R)', '01321140570', 'জোন', '2021-05-29 01:58:59', '2021-05-29 01:58:59'),
(7, 'মোঃ লোকমান হাকিম (S.R)', '01321140571', 'জোন', '2021-05-29 01:59:14', '2021-05-29 01:59:14'),
(8, 'মোঃ তাজুল ইসলাম (S.R)', '01321140572', 'জোন', '2021-05-29 01:59:27', '2021-05-29 01:59:27');

-- --------------------------------------------------------

--
-- Table structure for table `sells`
--

CREATE TABLE `sells` (
  `id` bigint(20) UNSIGNED NOT NULL,
  `customer_id` varchar(255) COLLATE utf8mb4_unicode_ci NOT NULL,
  `representative_id` varchar(100) COLLATE utf8mb4_unicode_ci NOT NULL,
  `invoice_no` varchar(255) COLLATE utf8mb4_unicode_ci NOT NULL,
  `total_qty` varchar(255) COLLATE utf8mb4_unicode_ci NOT NULL,
  `total_bonus` varchar(255) COLLATE utf8mb4_unicode_ci NOT NULL,
  `total_product_price` varchar(255) COLLATE utf8mb4_unicode_ci NOT NULL,
  `created_at` timestamp NULL DEFAULT NULL,
  `updated_at` timestamp NULL DEFAULT NULL
) ENGINE=InnoDB DEFAULT CHARSET=utf8mb4 COLLATE=utf8mb4_unicode_ci;

--
-- Dumping data for table `sells`
--

INSERT INTO `sells` (`id`, `customer_id`, `representative_id`, `invoice_no`, `total_qty`, `total_bonus`, `total_product_price`, `created_at`, `updated_at`) VALUES
(6, '151', '7', '20210603-063152', '56', '0', '8436', '2021-06-03 00:31:52', '2021-06-03 00:31:52'),
(7, '211', '5', '20210603-065657', '72', '8', '11520', '2021-06-03 00:56:57', '2021-06-03 00:56:57'),
(8, '211', '5', '20210603-070052', '138', '13', '20697', '2021-06-03 01:00:52', '2021-06-03 01:00:52'),
(9, '1', '5', '20210603-070302', '132', '14', '15492', '2021-06-03 01:03:02', '2021-06-03 01:03:02'),
(12, '123', '5', '2106054930', '12', '1', '588', '2021-06-04 23:49:30', '2021-06-04 23:49:30'),
(13, '214', '5', '2106055637', '12', '1', '588', '2021-06-04 23:56:37', '2021-06-04 23:56:37'),
(14, '218', '5', '2106055957', '108', '9', '10428', '2021-06-04 23:59:57', '2021-06-04 23:59:57'),
(15, '83', '5', '2106060141', '60', '4', '2616', '2021-06-05 00:01:41', '2021-06-05 00:01:41'),
(16, '86', '5', '2106060310', '24', '1', '2568', '2021-06-05 00:03:10', '2021-06-05 00:03:10'),
(17, '84', '5', '2106060534', '60', '5', '7608', '2021-06-05 00:05:34', '2021-06-05 00:05:34'),
(18, '73', '5', '2106061430', '7', '0', '497', '2021-06-05 00:14:30', '2021-06-05 00:14:30'),
(19, '85', '5', '2106061629', '15', '1', '2406', '2021-06-05 00:16:29', '2021-06-05 00:16:29'),
(20, '173', '5', '2106061812', '24', '2', '3864', '2021-06-05 00:18:12', '2021-06-05 00:18:12'),
(21, '87', '5', '2106095739', '40', '3', '3408', '2021-06-05 03:57:39', '2021-06-05 03:57:39'),
(22, '219', '5', '2106095944', '12', '1', '1920', '2021-06-05 03:59:44', '2021-06-05 03:59:44'),
(23, '52', '5', '2106100157', '24', '1', '2400', '2021-06-05 04:01:57', '2021-06-05 04:01:57'),
(24, '15', '5', '2106100545', '5', '0', '655', '2021-06-05 04:05:45', '2021-06-05 04:05:45'),
(25, '229', '8', '2106100800', '9', '0', '1356', '2021-06-05 04:08:00', '2021-06-05 04:08:00'),
(26, '193', '8', '2106101038', '20', '0', '1430', '2021-06-05 04:10:38', '2021-06-05 04:10:38'),
(27, '236', '8', '2106101732', '64', '0', '4938', '2021-06-05 04:17:32', '2021-06-05 04:17:32'),
(28, '129', '8', '2106102039', '35', '0', '2396', '2021-06-05 04:20:39', '2021-06-05 04:20:39'),
(29, '11', '8', '2106102612', '73', '6', '7175', '2021-06-05 04:26:12', '2021-06-05 04:26:12'),
(30, '227', '8', '2106103021', '62', '2', '5353', '2021-06-05 04:30:21', '2021-06-05 04:30:21'),
(31, '228', '8', '2106103214', '22', '1', '2270', '2021-06-05 04:32:14', '2021-06-05 04:32:14'),
(32, '233', '8', '2106103351', '33', '2', '3915', '2021-06-05 04:33:51', '2021-06-05 04:33:51'),
(33, '237', '8', '2106103634', '25', '1', '1646', '2021-06-05 04:36:34', '2021-06-05 04:36:34'),
(34, '113', '8', '2106103833', '230', '21', '19194', '2021-06-05 04:38:33', '2021-06-05 04:38:33'),
(35, '252', '8', '2106104008', '36', '0', '2136', '2021-06-05 04:40:08', '2021-06-05 04:40:08'),
(36, '225', '8', '2106104210', '62', '3', '2934', '2021-06-05 04:42:10', '2021-06-05 04:42:10'),
(37, '246', '8', '2106104439', '60', '6', '6828', '2021-06-05 04:44:39', '2021-06-05 04:44:39'),
(38, '77', '8', '2106104515', '12', '0', '480', '2021-06-05 04:45:15', '2021-06-05 04:45:15'),
(39, '244', '8', '2106104636', '32', '2', '2153', '2021-06-05 04:46:36', '2021-06-05 04:46:36'),
(40, '199', '8', '2106104728', '27', '0', '1527', '2021-06-05 04:47:28', '2021-06-05 04:47:28'),
(41, '261', '8', '2106104805', '9', '1', '1440', '2021-06-05 04:48:05', '2021-06-05 04:48:05'),
(42, '230', '8', '2106104956', '36', '1', '4208', '2021-06-05 04:49:56', '2021-06-05 04:49:56'),
(43, '240', '8', '2106105131', '20', '0', '2256', '2021-06-05 04:51:31', '2021-06-05 04:51:31'),
(44, '21', '8', '2106105449', '80', '6', '5261', '2021-06-05 04:54:49', '2021-06-05 04:54:49'),
(45, '216', '8', '2106112143', '38', '3', '1960', '2021-06-05 05:21:43', '2021-06-05 05:21:43'),
(46, '201', '8', '2106112354', '39', '0', '5202', '2021-06-05 05:23:54', '2021-06-05 05:23:54'),
(47, '202', '8', '2106112458', '16', '0', '1202', '2021-06-05 05:24:58', '2021-06-05 05:24:58'),
(48, '208', '8', '2106112645', '30', '1', '4020', '2021-06-05 05:26:45', '2021-06-05 05:26:45'),
(49, '187', '8', '2106112824', '24', '1', '2441', '2021-06-05 05:28:24', '2021-06-05 05:28:24'),
(50, '185', '8', '2106112951', '60', '2', '2508', '2021-06-05 05:29:51', '2021-06-05 05:29:51'),
(51, '192', '8', '2106113130', '25', '2', '1202', '2021-06-05 05:31:30', '2021-06-05 05:31:30'),
(52, '178', '8', '2106113310', '52', '4', '2916', '2021-06-05 05:33:10', '2021-06-05 05:33:10'),
(53, '180', '8', '2106113605', '98', '9', '12074', '2021-06-05 05:36:05', '2021-06-05 05:36:05'),
(54, '177', '8', '2106113821', '27', '2', '3906', '2021-06-05 05:38:21', '2021-06-05 05:38:21'),
(55, '217', '8', '2106114025', '14', '0', '1277', '2021-06-05 05:40:25', '2021-06-05 05:40:25'),
(56, '244', '8', '2106114209', '7', '0', '688', '2021-06-05 05:42:09', '2021-06-05 05:42:09'),
(57, '206', '8', '2106114256', '12', '0', '480', '2021-06-05 05:42:56', '2021-06-05 05:42:56'),
(58, '209', '8', '2106114419', '20', '0', '875', '2021-06-05 05:44:19', '2021-06-05 05:44:19'),
(59, '198', '8', '2106114629', '121', '4', '8040', '2021-06-05 05:46:29', '2021-06-05 05:46:29'),
(60, '74', '8', '2106114953', '32', '0', '2831', '2021-06-05 05:49:53', '2021-06-05 05:49:53'),
(61, '223', '8', '2106115117', '51', '4', '4611', '2021-06-05 05:51:17', '2021-06-05 05:51:17'),
(62, '241', '8', '2106115245', '6', '0', '240', '2021-06-05 05:52:45', '2021-06-05 05:52:45'),
(63, '10', '8', '2106115516', '3', '0', '171', '2021-06-05 05:55:16', '2021-06-05 05:55:16'),
(64, '113', '8', '2106032815', '228', '21', '17760', '2021-06-05 09:28:15', '2021-06-05 09:28:15'),
(65, '113', '8', '2106033132', '230', '21', '17898', '2021-06-05 09:31:32', '2021-06-05 09:31:32'),
(66, '6', '5', '2106114200', '68', '2', '4168', '2021-06-06 05:42:00', '2021-06-06 05:42:00'),
(67, '145', '5', '2106114830', '45', '2', '3897', '2021-06-06 05:48:30', '2021-06-06 05:48:30'),
(68, '106', '5', '2106115159', '70', '3', '5683', '2021-06-06 05:51:59', '2021-06-06 05:51:59'),
(69, '100', '5', '2106115414', '64', '1', '5024', '2021-06-06 05:54:14', '2021-06-06 05:54:14'),
(70, '13', '5', '2106120008', '162', '11', '13766', '2021-06-06 06:00:08', '2021-06-06 06:00:08'),
(71, '136', '7', '2106122428', '18', '1', '1112', '2021-06-06 06:24:28', '2021-06-06 06:24:28'),
(72, '132', '7', '2106122748', '19', '0', '3392', '2021-06-06 06:27:48', '2021-06-06 06:27:48'),
(73, '125', '7', '2106010230', '72', '7', '8088', '2021-06-06 07:02:30', '2021-06-06 07:02:30'),
(74, '23', '7', '2106010428', '18', '1', '1110', '2021-06-06 07:04:28', '2021-06-06 07:04:28'),
(75, '220', '7', '2106011000', '15', '0', '651', '2021-06-06 07:10:00', '2021-06-06 07:10:00'),
(76, '117', '7', '2106011123', '2', '0', '444', '2021-06-06 07:11:23', '2021-06-06 07:11:23'),
(77, '115', '7', '2106011239', '84', '8', '10020', '2021-06-06 07:12:39', '2021-06-06 07:12:39'),
(78, '99', '7', '2106011748', '46', '3', '4422', '2021-06-06 07:17:48', '2021-06-06 07:17:48'),
(79, '127', '7', '2106012057', '48', '3', '5376', '2021-06-06 07:20:57', '2021-06-06 07:20:57'),
(80, '111', '7', '2106012244', '29', '2', '1326', '2021-06-06 07:22:44', '2021-06-06 07:22:44'),
(81, '104', '7', '2106012611', '51', '2', '4023', '2021-06-06 07:26:11', '2021-06-06 07:26:11'),
(82, '135', '7', '2106012940', '24', '0', '1164', '2021-06-06 07:29:40', '2021-06-06 07:29:40'),
(83, '133', '7', '2106013848', '49', '1', '3889', '2021-06-06 07:38:48', '2021-06-06 07:38:48'),
(84, '17', '8', '2106024733', '12', '0', '1448', '2021-06-06 08:47:33', '2021-06-06 08:47:33'),
(85, '125', '7', '2106024947', '38', '2', '2898', '2021-06-06 08:49:47', '2021-06-06 08:49:47'),
(86, '53', '7', '2106025341', '60', '4', '7272', '2021-06-06 08:53:41', '2021-06-06 08:53:41'),
(87, '174', '7', '2106025435', '12', '1', '480', '2021-06-06 08:54:35', '2021-06-06 08:54:35'),
(88, '69', '7', '2106025648', '46', '5', '7772', '2021-06-06 08:56:48', '2021-06-06 08:56:48'),
(89, '42', '7', '2106030203', '59', '2', '7535', '2021-06-06 09:02:03', '2021-06-06 09:02:03'),
(90, '21', '7', '2106030816', '48', '5', '6312', '2021-06-06 09:08:16', '2021-06-06 09:08:16'),
(91, '172', '7', '2106031204', '8', '0', '1292', '2021-06-06 09:12:04', '2021-06-06 09:12:04'),
(92, '145', '7', '2106031402', '16', '0', '1178', '2021-06-06 09:14:02', '2021-06-06 09:14:02'),
(93, '143', '7', '2106031539', '25', '1', '1453', '2021-06-06 09:15:39', '2021-06-06 09:15:39'),
(94, '139', '7', '2106031733', '37', '2', '2030', '2021-06-06 09:17:33', '2021-06-06 09:17:33'),
(95, '144', '7', '2106031943', '46', '4', '4981', '2021-06-06 09:19:43', '2021-06-06 09:19:43'),
(96, '73', '7', '2106032237', '36', '3', '2220', '2021-06-06 09:22:37', '2021-06-06 09:22:37'),
(97, '171', '7', '2106032458', '19', '0', '1587', '2021-06-06 09:24:58', '2021-06-06 09:24:58'),
(98, '165', '7', '2106032841', '98', '10', '9222', '2021-06-06 09:28:41', '2021-06-06 09:28:41'),
(99, '73', '7', '2106032951', '36', '3', '3684', '2021-06-06 09:29:51', '2021-06-06 09:29:51'),
(100, '162', '7', '2106033957', '12', '1', '480', '2021-06-06 09:39:57', '2021-06-06 09:39:57'),
(101, '161', '7', '2106034158', '75', '5', '7875', '2021-06-06 09:41:58', '2021-06-06 09:41:58'),
(102, '63', '7', '2106034408', '20', '1', '3000', '2021-06-06 09:44:08', '2021-06-06 09:44:08'),
(103, '152', '7', '2106034610', '8', '0', '800', '2021-06-06 09:46:10', '2021-06-06 09:46:10'),
(104, '160', '7', '2106034959', '33', '2', '3111', '2021-06-06 09:49:59', '2021-06-06 09:49:59'),
(105, '82', '7', '2106035315', '19', '1', '2921', '2021-06-06 09:53:15', '2021-06-06 09:53:15'),
(106, '152', '7', '2106035605', '112', '12', '4912', '2021-06-06 09:56:05', '2021-06-06 09:56:05'),
(107, '18', '7', '2106035854', '24', '2', '1068', '2021-06-06 09:58:54', '2021-06-06 09:58:54'),
(108, '154', '7', '2106040127', '43', '3', '4132', '2021-06-06 10:01:27', '2021-06-06 10:01:27'),
(109, '151', '7', '2106041020', '231', '24', '14488', '2021-06-06 10:10:20', '2021-06-06 10:10:20'),
(110, '142', '7', '2106041047', '72', '8', '11520', '2021-06-06 10:10:47', '2021-06-06 10:10:47'),
(111, '102', '7', '2106041154', '16', '1', '836', '2021-06-06 10:11:54', '2021-06-06 10:11:54'),
(112, '148', '7', '2106041320', '4', '0', '774', '2021-06-06 10:13:20', '2021-06-06 10:13:20'),
(113, '134', '7', '2106041415', '12', '1', '1920', '2021-06-06 10:14:15', '2021-06-06 10:14:15'),
(114, '227', '7', '2106041808', '48', '3', '4172', '2021-06-06 10:18:08', '2021-06-06 10:18:08'),
(115, '179', '7', '2106041953', '24', '1', '1104', '2021-06-06 10:19:53', '2021-06-06 10:19:53'),
(116, '149', '7', '2106042133', '27', '2', '2835', '2021-06-06 10:21:33', '2021-06-06 10:21:33'),
(117, '262', '7', '2106042248', '36', '4', '5760', '2021-06-06 10:22:48', '2021-06-06 10:22:48'),
(118, '246', '7', '2106042728', '29', '1', '1895', '2021-06-06 10:27:28', '2021-06-06 10:27:28'),
(119, '74', '7', '2106042932', '14', '1', '2234', '2021-06-06 10:29:32', '2021-06-06 10:29:32'),
(120, '150', '7', '2106043056', '15', '1', '651', '2021-06-06 10:30:56', '2021-06-06 10:30:56'),
(121, '122', '7', '2106043122', '36', '4', '5832', '2021-06-06 10:31:22', '2021-06-06 10:31:22'),
(122, '141', '7', '2106043214', '48', '4', '6420', '2021-06-06 10:32:14', '2021-06-06 10:32:14'),
(123, '8', '7', '2106071046', '12', '0', '1448', '2021-06-07 01:10:46', '2021-06-07 01:10:46'),
(124, '49', '', '20210615-050544', '12', '0', '1454', '2021-06-15 11:05:44', '2021-06-15 11:05:44');

-- --------------------------------------------------------

--
-- Table structure for table `users`
--

CREATE TABLE `users` (
  `id` bigint(20) UNSIGNED NOT NULL,
  `name` varchar(255) COLLATE utf8mb4_unicode_ci NOT NULL,
  `email` varchar(255) COLLATE utf8mb4_unicode_ci NOT NULL,
  `email_verified_at` timestamp NULL DEFAULT NULL,
  `password` varchar(255) COLLATE utf8mb4_unicode_ci NOT NULL,
  `remember_token` varchar(100) COLLATE utf8mb4_unicode_ci DEFAULT NULL,
  `created_at` timestamp NULL DEFAULT NULL,
  `updated_at` timestamp NULL DEFAULT NULL,
  `last_login_at` datetime DEFAULT NULL,
  `last_login_ip` varchar(255) COLLATE utf8mb4_unicode_ci DEFAULT NULL
) ENGINE=InnoDB DEFAULT CHARSET=utf8mb4 COLLATE=utf8mb4_unicode_ci;

--
-- Dumping data for table `users`
--

INSERT INTO `users` (`id`, `name`, `email`, `email_verified_at`, `password`, `remember_token`, `created_at`, `updated_at`, `last_login_at`, `last_login_ip`) VALUES
(1, 'Tanvnir', 'admin@gmail.com', NULL, '$2y$10$RBpXJYz6EXe3dcwh2G3jJeptHLgZPw7h9No59vo2yDtdoV83LI8au', 'z3QYMw8ms6S2n4qA1TvE5EKpaWD2mqmEYONgwrVIvZBF3khTMX4h1Q2ZXOYz', '2021-05-10 23:52:21', '2021-10-23 07:41:38', '2021-10-23 13:41:38', '127.0.0.1');

--
-- Indexes for dumped tables
--

--
-- Indexes for table `customers`
--
ALTER TABLE `customers`
  ADD PRIMARY KEY (`id`);

--
-- Indexes for table `failed_jobs`
--
ALTER TABLE `failed_jobs`
  ADD PRIMARY KEY (`id`),
  ADD UNIQUE KEY `failed_jobs_uuid_unique` (`uuid`);

--
-- Indexes for table `invoices`
--
ALTER TABLE `invoices`
  ADD PRIMARY KEY (`id`);

--
-- Indexes for table `loginlogs`
--
ALTER TABLE `loginlogs`
  ADD PRIMARY KEY (`id`);

--
-- Indexes for table `medicines`
--
ALTER TABLE `medicines`
  ADD PRIMARY KEY (`id`);

--
-- Indexes for table `migrations`
--
ALTER TABLE `migrations`
  ADD PRIMARY KEY (`id`);

--
-- Indexes for table `password_resets`
--
ALTER TABLE `password_resets`
  ADD KEY `password_resets_email_index` (`email`);

--
-- Indexes for table `representatives`
--
ALTER TABLE `representatives`
  ADD PRIMARY KEY (`id`);

--
-- Indexes for table `sells`
--
ALTER TABLE `sells`
  ADD PRIMARY KEY (`id`);

--
-- Indexes for table `users`
--
ALTER TABLE `users`
  ADD PRIMARY KEY (`id`),
  ADD UNIQUE KEY `users_email_unique` (`email`);

--
-- AUTO_INCREMENT for dumped tables
--

--
-- AUTO_INCREMENT for table `customers`
--
ALTER TABLE `customers`
  MODIFY `id` bigint(20) UNSIGNED NOT NULL AUTO_INCREMENT, AUTO_INCREMENT=271;

--
-- AUTO_INCREMENT for table `failed_jobs`
--
ALTER TABLE `failed_jobs`
  MODIFY `id` bigint(20) UNSIGNED NOT NULL AUTO_INCREMENT;

--
-- AUTO_INCREMENT for table `invoices`
--
ALTER TABLE `invoices`
  MODIFY `id` bigint(20) UNSIGNED NOT NULL AUTO_INCREMENT, AUTO_INCREMENT=473;

--
-- AUTO_INCREMENT for table `loginlogs`
--
ALTER TABLE `loginlogs`
  MODIFY `id` bigint(20) UNSIGNED NOT NULL AUTO_INCREMENT, AUTO_INCREMENT=33;

--
-- AUTO_INCREMENT for table `medicines`
--
ALTER TABLE `medicines`
  MODIFY `id` bigint(20) UNSIGNED NOT NULL AUTO_INCREMENT, AUTO_INCREMENT=177;

--
-- AUTO_INCREMENT for table `migrations`
--
ALTER TABLE `migrations`
  MODIFY `id` int(10) UNSIGNED NOT NULL AUTO_INCREMENT, AUTO_INCREMENT=12;

--
-- AUTO_INCREMENT for table `representatives`
--
ALTER TABLE `representatives`
  MODIFY `id` bigint(20) UNSIGNED NOT NULL AUTO_INCREMENT, AUTO_INCREMENT=9;

--
-- AUTO_INCREMENT for table `sells`
--
ALTER TABLE `sells`
  MODIFY `id` bigint(20) UNSIGNED NOT NULL AUTO_INCREMENT, AUTO_INCREMENT=125;

--
-- AUTO_INCREMENT for table `users`
--
ALTER TABLE `users`
  MODIFY `id` bigint(20) UNSIGNED NOT NULL AUTO_INCREMENT, AUTO_INCREMENT=5;
COMMIT;

/*!40101 SET CHARACTER_SET_CLIENT=@OLD_CHARACTER_SET_CLIENT */;
/*!40101 SET CHARACTER_SET_RESULTS=@OLD_CHARACTER_SET_RESULTS */;
/*!40101 SET COLLATION_CONNECTION=@OLD_COLLATION_CONNECTION */;
